,P1,P2,P3,P4,P5,P6,P7,P8,P9,P10,P11,P12,P13,P14,P15,P16,P17,P18,P19,P20,P21,P22,P23,P24,P25,P26,P27,P28,P29,P30,P31,P32,P33,P34,P35,P36,P37,P38,P39,P40,P41,P42,P43,P44,P45,P46,P47,P48,P49,P50,P51,P52,P53,P54,P55,P56,P57,P58,P59,P60,P61,P62,P63,P64,P65,P66,P67,P68,P69,P70,P71,P72,P73,P74,P75,P76,P77,P78,P79,P80,P81,P82,P83,P84,P85,P86
P1,1.0,0.33336214229060246,0.2985299351038294,0.3769409227494102,0.26580919445873374,0.03849025367587864,0.18355431078559414,0.32102732259975336,0.05721603739799433,0.3145898982079409,0.1662675129748531,0.5390546647804407,0.19991142893282643,0.17087105136229241,0.26798089296892336,0.3699984461397685,0.28285200029526275,0.3871404411002537,0.2910869581433198,0.41527137780978035,-0.039447998366753376,0.2973850764636235,0.1399305016371949,0.13721139945525404,0.32711254276025964,0.3806812976534442,0.06616085270895598,0.29427857786919276,0.37035276032598374,0.4328164994349262,0.3002328848428535,0.34980130497397766,0.38559599557335567,0.24620429781086242,0.24258267800861752,0.15234310324528805,0.30912426182413516,0.3067535609648243,0.14159523798867285,0.2912017718498451,0.23061706143180766,0.32936009649915243,0.24111613486624817,0.34931714208190484,0.15472614536130722,0.4899974948257993,0.3166201920887326,0.30133537852903663,0.11598783131898932,0.07817337816547172,0.05635424278676653,0.20943475136200163,0.06358152301922769,0.3285953856604094,0.32663947283795375,0.04446190562693242,0.4205234176119401,0.3808313112290526,0.31327228493440984,0.2302751600565135,0.2651797083068087,0.22060412641954383,0.22358055004793062,0.37829224032276787,0.2663601403165945,0.016917930578401456,0.30766362670981984,0.3231529001459384,0.3501648651889582,0.33442711889664056,-0.04609383093214553,0.06509616829764835,0.192608632813239,0.17349799270679328,0.5028574495165458,0.28283936312168434,0.39274374501791454,0.08251812181897347,0.28566601646601597,0.07829020015858203,-0.08907651572515868,-0.13832114154194244,0.507826740939952,0.16322329564929117,0.1725605785355737,0.3648240001532686
P2,0.33336214229060246,1.0,0.38216756997864054,0.19648092379095058,0.2696985284673052,0.03717782700967759,0.22253435411753483,0.5870699053620723,0.22448131542837862,0.313083492180286,0.20883762024290253,0.3113606013197215,0.321056793395247,0.07181893560317092,0.2469185947479062,0.19667013439689904,0.3250643529036152,0.19316179063968508,0.26838154279513693,0.5275780674647762,0.21044810049621393,0.04489004324027953,0.27881166797270407,0.33544135743458114,0.355618588814449,0.2524210117374545,0.2077312308231149,0.30762333880735765,0.2714177747944475,0.22914919088135907,0.3541393202352725,0.3501093950578057,0.4184203378675964,0.34730768941931145,0.3240321026125059,0.04619326003339809,0.4407949425004519,0.3190433577918398,0.01389777264768942,0.17050978506956513,0.4638658785099765,0.3817602497423641,0.299489171951918,0.521625765794239,0.24805359251894796,0.48091704188412143,0.453692994067724,0.313834893021183,0.26519184566454473,0.17094350583352536,0.02750582696770805,0.2788238668060281,0.23857773940050914,0.2832473191789549,0.40163961545116306,0.1289114902836137,0.42367940694682554,0.37584895193352724,0.47458604816598043,0.007702757329621078,0.2824675831878962,0.3225120218522219,0.31566139042748664,0.29305736473427935,-0.021817692021052403,0.16282390699224672,0.36308202499886627,0.4239843534006321,0.39369727234873536,0.47178565184335414,0.22174654896286006,0.23103378780750394,0.34356781646100515,-0.10687508509060936,0.45145055264080197,0.2827694006491119,0.3593305523753685,0.2744123715177605,0.14495521626451582,0.3630926273133491,-0.14652876515061874,0.12315750960089275,0.504152915214848,0.37418852764025534,-0.14888113987426538,0.252009268470222
P3,0.2985299351038294,0.38216756997864054,1.0,0.26965932785630625,0.0877605905731805,0.18861851717743444,0.3449945852929989,0.499979939931205,0.27323841857210907,0.3678739669943934,0.13371718830643586,0.3685694011495358,0.35115467222606067,0.506846629591371,0.04038676683684261,0.21937843295127524,0.31823877697740205,0.1907063777260914,0.29691399103286953,0.5536094742145062,0.19061478119726405,0.20631223763558995,0.2166075707538783,0.4266525948271544,0.25675482161395513,0.3901968373908103,0.30560628623007213,0.4109831310077646,0.07870238713719951,0.24947017743986602,0.20656063011756048,0.2772131781259818,0.26068425475306867,0.35651591014234946,0.1727323393362876,0.10880828566240233,0.3935270331194436,0.3556490713086314,0.11001321166296091,-0.011608621619052604,0.3330270265521105,0.10381786060044694,0.38235591267595487,0.38482912888753507,0.1310546675969624,0.28665620027760463,0.18272158683560075,0.4016838365763053,0.1676892114421324,0.29501351036200657,0.15506894496154866,0.33436325018539165,0.2885821726689163,0.2703823242404819,0.22664850452057897,0.40967524439018804,0.2359704838315395,0.2535813434924906,0.3522412936760185,0.14458041431449206,0.3589864585125582,0.023109309220794565,0.3961627724250471,0.32667000957246506,-0.057717363699524946,0.19220418581058452,0.23372931194138755,0.396877416235756,0.4199259425439202,0.3385624134532005,0.30804535975112646,0.19056034201955502,0.47950155843677217,0.19122113836072477,0.45439677767533393,0.3733502011177528,0.28889577279616857,0.22706616839165714,0.2437378813734,0.19709878419895313,-0.11693654553357057,0.13770696337802793,0.4427896651988084,0.1406912973100131,0.16080099516146382,0.28944100271951123
P4,0.3769409227494102,0.19648092379095058,0.26965932785630625,0.9999999999999999,0.3938340115233065,0.377611949056257,0.4179255129847092,0.3793510973382821,0.04713907867412455,0.3930407375831305,0.34606891386717364,0.36191556770354827,0.21135875437111465,0.2200307999327069,0.1818563387184282,0.34877760735156593,0.3056702939824116,0.2517635505528766,0.5427380863118527,0.3605228904686031,0.27012689013054825,0.1987594321012957,0.07963704500760997,0.3979979965703467,0.36354080341816103,0.3015044427402062,0.32275534758980756,0.475643617661891,0.41373961998108544,0.23171295472069828,0.3272921208233623,0.4103641681675321,0.5296222636774324,0.13713140188622025,0.43349422909019064,0.12126732137708938,0.1610037529497666,0.3536309610344572,0.1820747695673855,0.12908109710842755,0.2395866205504908,0.3102366257185533,0.4207920854856791,0.24044150918418822,0.1833916689471993,0.4531439011464347,0.20946437855771377,0.3599236501940073,0.13355115832803033,0.26098538422951456,0.43978777037534555,0.33120303495907155,0.3420174782186632,0.49847000026831745,0.3807995464227757,0.2220030110151223,0.38420037609447133,0.4221644598726398,0.39691625950620174,0.4647009615492515,0.2544849317220634,0.3941408593003749,0.36717632272942713,0.6522665840439185,0.04853768712611624,0.19741225591850156,0.37220282173141594,0.3563683086009419,0.31936215267402057,0.22403712620018867,0.25459371996324126,0.13423610368123862,0.30859668166582455,0.20251057066523553,0.2560503402285663,0.401321629131965,0.38036941318846174,0.11608324588564832,0.3578235773792396,0.15414683720715083,0.033859412436864786,-0.026542040941603163,0.27045323378452096,0.16100974293961512,0.20490789027604625,0.1610887435422811
P5,0.26580919445873374,0.2696985284673052,0.0877605905731805,0.3938340115233065,1.0,0.2258233205682258,0.38668109687370145,0.19104318486030217,0.24750832805624434,0.44638004435227757,0.40495876360784333,0.2702691258455547,0.35059145925038215,0.03201162452218044,0.13094650597100835,0.44326238121041334,0.3204686689125982,0.20953668214024157,0.45540937137899073,0.24922666725535453,0.10846930979523813,0.23537990176458323,-0.0393410741471744,0.3679859136686818,0.3300415499624341,0.42738713945871315,0.20293165441187247,0.3970391166949455,0.5079071973620696,0.33485287339554715,0.3549776821468153,0.41928739864685266,0.3342718001703766,0.06550731942188946,0.4592089266127533,0.19857189874498812,0.06966002654955712,0.3921517313708212,0.32457163067222977,0.24601202952650422,0.36711720399929737,0.18178804817386265,0.48522659110770405,0.2917308440551774,0.2690588914777304,0.2812741376487541,0.20106552482945256,0.35409257712586856,0.2858498987380764,0.3365869189941755,0.24411057097449287,0.18843126615506617,0.3147668106576549,0.2512558695406696,0.37793965299912086,0.13572217616797422,0.37139865245653575,0.41532935891988726,0.3033426541155894,0.4879230133006849,0.08146847331413426,0.569991560005368,0.3825998796756342,0.5474477240785044,0.19612042620828515,0.3208393991459105,0.4138628737899675,0.14568636132989618,0.18002237780559197,0.4198806283394631,-0.0368339064340048,0.1372023669090079,0.2866971689360758,0.19488529145077113,0.19915471108869817,0.2946173632761338,0.2353627730363078,0.1944958481201606,0.2384705085911866,0.36615915937434057,0.1415369948945192,0.09671792215253479,0.16490769651180423,0.06571205177437023,0.039089574478595096,0.041627144475296717
P6,0.03849025367587864,0.03717782700967759,0.18861851717743444,0.377611949056257,0.2258233205682258,1.0,0.31178774145323696,0.18321385948893415,0.10165361732623167,0.16483626224911396,0.035990553567883186,0.18864137554724503,0.28144893701417933,0.18819842414967147,0.19327885838005895,0.3108280899867952,0.3977305322599002,0.3297131034217761,0.28425909996685655,0.21552474934535218,0.18671389104009475,0.43485733015306455,0.17108454282955646,0.4024060140854126,0.33360475288854025,0.28513467450220076,0.256077120249779,0.3327057837226215,0.35590892481195413,0.13485375420632867,0.3663387415090279,0.4156436392834296,0.2794035073284612,0.19480221195385444,0.34629414542746617,0.34851122527454653,0.15033605585155124,0.22337582664412528,0.3778864796331167,0.2305663539195154,0.11100725585294921,0.12017050091990099,0.32116457975093227,0.12488291322079965,0.1056696353540829,0.12304266586710637,-0.0804650402479592,0.3493707319842146,0.24814951032191288,0.33143611460239153,0.4574222819976422,0.21071876383656699,0.32234969683711046,0.18616883448398505,0.0845778591916083,0.10807300549137148,0.08150748652682613,0.20942706089765267,0.15290297488998422,0.3026656427294576,0.0327254430972547,0.27213931025625954,0.5164451908464952,0.314276132907669,0.15020455739732902,0.4166627210330758,0.3213200868595358,0.28034565033091546,0.17288855663976233,-0.008054485103293275,0.07091126220652723,0.2340430202018785,0.1417378331683113,0.17684329705196852,0.20181430011507165,0.39614176473689533,0.024649487233609504,-0.023972452144338206,0.23695467526267971,0.2664781355248432,0.18764423306241276,0.002886616563853146,0.22939225779849762,0.06339687687779155,0.2620802816211387,0.27046736409123023
P7,0.18355431078559414,0.22253435411753483,0.3449945852929989,0.4179255129847092,0.38668109687370145,0.31178774145323696,1.0,0.18561151540655252,0.34775602118718424,0.5819282742843715,0.13912818271078312,0.21194928057782253,0.3481063970108578,0.2810781997982533,0.32596790279842935,0.1582518692313845,0.2530710165376091,0.14065786713608341,0.2682182937401484,0.3031141008777536,0.3497426999444558,0.17363734040430234,0.09199318120609881,0.5375601997160824,0.47206042001775744,0.44669738018520205,0.37759531578338923,0.5878709008627618,0.42143082399763754,0.14933482195880074,0.29529342467115915,0.37230206354181133,0.37010596085097985,0.13578417564692724,0.5816341129945348,-0.07270578714666528,0.354591355698468,0.5344395151383287,0.4632175668406103,0.28154205511740815,0.21283461252034033,0.14284402080703557,0.5507258443448992,0.3664866803550543,0.3765845338594021,0.3035184355573381,0.23067347407563424,0.3263762069597471,0.29486352087666146,0.4716812806007309,0.47690734097118903,0.3076258621094675,0.3146605883906446,0.24847919582304717,0.38145599820412773,0.27692700598343156,0.2074573265590257,0.32482407254593626,0.37524219456878705,0.39276354665054075,0.23988247755900097,0.29295864350208894,0.4456780264362434,0.4888518644562946,0.018978277244473468,0.45026965453646234,0.35005246424504516,0.40760812583915834,0.4758806851117478,0.36597124506905,0.2860005419840479,0.20113086980915365,0.5936056803620591,0.17475336045068027,0.055830095967957606,0.3096358349771902,0.2851542610432631,0.04488176483783272,0.3417812883060236,0.29628995462081004,-0.2587235132445754,0.1314380772195879,0.1179522797283223,0.06520885741033947,0.06022224414335828,0.0244909017034361
P8,0.32102732259975336,0.5870699053620723,0.499979939931205,0.3793510973382821,0.19104318486030217,0.18321385948893415,0.18561151540655252,0.9999999999999999,0.3264960516536349,0.3115225713637177,0.2746472062700168,0.37465629540118767,0.25172033030998003,0.39535536084013917,0.2678289281355443,0.3480194327807041,0.5107014900687902,0.2963016064954269,0.5297957031094129,0.5031367008083194,0.21846034729801048,0.27434979740718884,0.4262304452343418,0.38918419943516913,0.42461475313678443,0.3094338332433758,0.3932534815345094,0.3711088205146827,0.24924384196591878,0.33314325594937594,0.34484084359978656,0.4753293933793606,0.5354285131212448,0.4098412960358897,0.2712533649359332,0.2342743984205604,0.3928303098460932,0.37941364960226553,0.16609081504066886,0.21370331642878396,0.44508408207429223,0.37492223207755226,0.3099162516004549,0.5275596780797259,0.3506105993176326,0.349185248105144,0.35122858862124323,0.30767888897139456,0.18599814774074444,0.16260758447878992,0.1934090524376143,0.4646683181394649,0.5082970893843562,0.532058783892401,0.3052563548872818,0.4564222145955942,0.4975481528592558,0.36206960582997616,0.5533369974978561,0.07049383617726557,0.45535478105205573,0.2738990255351533,0.326424941782759,0.36801538259824024,0.02998632550475627,0.04949277868399997,0.30793359121735037,0.4921733219208781,0.45381812945301603,0.264646046018801,0.42650048779132316,0.14470141662878078,0.3713183106277446,-0.10240848466364941,0.4816566975025504,0.4752078537767821,0.3749870568347102,0.04565846398759322,0.387182890351039,0.45348763664276825,-0.12249092063345525,0.07867395257417174,0.6458855290131836,0.15279717030319476,-0.04932798642893079,0.3385425674288498
P9,0.05721603739799433,0.22448131542837862,0.27323841857210907,0.04713907867412455,0.24750832805624434,0.10165361732623167,0.34775602118718424,0.3264960516536349,1.0,0.40741967826019193,0.2369003504255244,0.2257732292503992,0.32077342253288016,0.22732817783704592,0.3473381326908849,-0.0007106501324228994,0.359618816227889,0.2864386894707922,0.42222856548856247,0.1868046056295262,0.2650073892320323,0.3173703073448982,0.20070798833527967,0.27552880143770725,0.36419739406081625,0.3706898434796467,0.3004252252553336,0.3096385786637904,0.3521859055134824,0.039696767754839046,0.2342127329686929,0.37296542999361315,0.337135181465574,0.037819183870577616,0.24546631196385574,0.040442647064667624,0.3513042518230052,0.43701544976017875,0.20865369801293174,0.23345190408383915,0.3150097678836431,0.15536129461133172,0.24634314051220293,0.5015216704803668,0.14622175473118035,0.12520858031915624,0.34851888492543104,0.2611083715606931,0.28897964648911634,0.42823438179681134,0.4285904034796635,0.3064448051262361,0.4335323897711638,0.271825407721855,0.5058231184377373,0.21024522425876524,0.42453345800076886,0.3559264199293406,0.25628634854455334,0.09693009839249529,0.4378231719696932,0.5129043733459671,0.2755202758986547,0.26898258231867894,0.16315285559189757,0.09389396668394298,0.1289294324266924,0.42136698138115153,0.313823299586538,0.3318331606388402,0.35615014230810454,0.16854032052206583,0.48684067335325776,0.07544088759865347,0.018543837443190412,0.4143487945040715,0.1904379020560977,0.029100972525839968,0.12691438335674798,0.21183374543000444,0.008080371257606843,0.14553027193382542,0.1542729981207615,-0.12527396768164137,0.003972554972614494,0.149624813943826
P10,0.3145898982079409,0.313083492180286,0.3678739669943934,0.3930407375831305,0.44638004435227757,0.16483626224911396,0.5819282742843715,0.3115225713637177,0.40741967826019193,1.0,0.4433093656750639,0.29761167421589463,0.20177146409938784,0.3170563053817219,0.3252564037461176,0.27899089501567226,0.28177338826837,0.0955599409098776,0.3877787710279634,0.47158438596955526,0.23387958928494604,0.1321767550004351,0.062296980340947876,0.3486339602127866,0.4419808618126474,0.5805151645833335,0.33940584684846725,0.5045461640551722,0.2170081077461122,0.13986487183518131,0.43451136474197816,0.43316175128776513,0.35979285731620125,0.17348973297683767,0.6945227025206451,0.06022493997918725,0.25558302250645526,0.5225181284348005,0.42177011891761873,0.1718539216039823,0.29932149645664025,0.12367234545245451,0.4702694695194604,0.5472170120313192,0.4149000477929457,0.4396046107697206,0.3833208376990403,0.4357360642573532,0.27951502759118896,0.5376973082870304,0.36467303084760394,0.36523751435669766,0.33815230164112564,0.3374920047948371,0.44761942210235955,0.1664825574563891,0.4631142354705169,0.4480766886182391,0.447538348196049,0.38376012916577507,0.33258438953825775,0.43910881049983735,0.30238554115841637,0.5790275638453305,0.06114564151410882,0.2587482761457133,0.3902960008811416,0.3996972093142397,0.46941527849498116,0.4819435459022204,0.35239271762375296,0.254212356826546,0.7613752369497849,0.05940109987952282,0.19673857572770845,0.37596153193929027,0.19073095301860285,0.09190127698266817,0.273338258392827,0.30262199311829696,-0.07161009584131121,0.03916134879524337,0.2061561384819133,0.18998947243334854,0.08964482972974457,0.2227470509072006
P11,0.1662675129748531,0.20883762024290253,0.13371718830643586,0.34606891386717364,0.40495876360784333,0.035990553567883186,0.13912818271078312,0.2746472062700168,0.2369003504255244,0.4433093656750639,1.0,0.18573900898658013,0.04284922793164286,0.028527970772762177,0.18221851069551734,0.32361605067425275,0.2984673593684687,0.017836723293281655,0.29989469073395686,0.19605948966737216,0.010870808294386797,0.03994118521609498,-0.022440199682783254,0.12532289111949388,0.24796541650894888,0.3104459204980683,0.2318943855526329,0.1839156081909099,0.2243038620321785,0.1871948888360663,0.2533531563435348,0.15693697609987686,0.2067702048500306,0.09836391605772672,0.2877542710943238,0.11259558318408774,0.022265940915110752,0.1564543776661504,0.10705823419999685,0.21330233811559085,0.2028480411797385,0.1811428715734508,0.08968923000601592,0.15385909311007667,0.21335122245458682,0.25556433279562407,0.2828863356811999,0.19818138410661587,0.303999869494539,0.3225291083896001,0.11793411124368011,0.19261076673543268,0.2645268447365368,0.1936599990194529,0.4021455193775426,0.23797317881517943,0.5216896647549022,0.26980573074263964,0.26785019442256724,0.07798694242744052,0.3458993460155907,0.3469482537433172,0.0893649209299803,0.40663451838786085,0.2909323660292743,0.023613653606383164,0.30149541408790526,0.2181546025538324,0.25777282826772213,0.19049009810584702,0.09163019812755159,0.22445711795931336,0.33951244457300517,0.09142420191796781,0.20614677852815982,0.13279559248087508,0.23558559091558984,0.14560157993109107,-0.040130214047329006,0.1938826118926855,-0.06444433691142104,-0.03534234449444818,0.10539302334890478,0.13867532874361238,-0.18692022528664654,0.1763402061379201
P12,0.5390546647804407,0.3113606013197215,0.3685694011495358,0.36191556770354827,0.2702691258455547,0.18864137554724503,0.21194928057782253,0.37465629540118767,0.2257732292503992,0.29761167421589463,0.18573900898658013,1.0,0.31693087654956764,0.19811695278442068,0.18073222920118473,0.3346147899500339,0.34532636688576857,0.41895929979712915,0.2679498835147896,0.46721913965105094,0.14266628448206564,0.3626703197396654,0.1492565663447308,0.1287477897163195,0.11788685759966144,0.26885863719281694,0.18379793045756215,0.3472117997191706,0.253510729185538,0.22638432961862281,0.247206409635986,0.4568014907497867,0.4287569241509689,0.3452029829951998,0.15130109623993263,0.24960317078446367,0.3502251766238828,0.279596450292987,0.25465639967034853,0.12562589068058858,0.17995268871083284,0.2815752651227503,0.22970589147511974,0.5520295535220114,0.17279145547579164,0.42994398407031065,0.15165173703328233,0.16797640926155483,0.3417075755160685,0.2742571371440738,0.23610112158481508,0.3034626690956562,0.28448174640339596,0.4959999863417768,0.4089254608612016,0.11607500016853217,0.2997392878349174,0.23915908741185096,0.34419199379784027,0.3742650569242012,0.35805702423231545,0.3109603450666843,0.4537328406796674,0.4114541571870729,0.13038864305648584,0.3415139918287701,0.1751040735750686,0.3806291800617371,0.3480020284120879,0.37314252813713833,0.06968761366293037,0.09571575035628868,0.2080626695327861,0.14978278409051088,0.3214838474231945,0.29809602976314564,0.3603681733576009,0.1797650156510841,0.401977166641685,0.21977909097550316,-0.0051699664270317604,0.05842854642756857,0.5319676509701627,0.2012356887689909,0.2984712116298806,0.4262226420622726
P13,0.19991142893282643,0.321056793395247,0.35115467222606067,0.21135875437111465,0.35059145925038215,0.28144893701417933,0.3481063970108578,0.25172033030998003,0.32077342253288016,0.20177146409938784,0.04284922793164286,0.31693087654956764,1.0,0.33655832016303855,0.17961237796229418,0.2461687854765784,0.3085688800060513,0.15753240013346342,0.3781941751340282,0.3335220926150194,0.02458055944236947,0.3763147439881674,-0.040321475974904875,0.26349752919849995,0.28794974897835596,0.334738784666126,0.13258930685624565,0.3422177227000918,0.33027951083835116,0.3191310148533371,0.31158236111453524,0.20621143326391947,0.46434643001070736,0.3310891567506496,0.1857326208791448,0.36911931701021916,0.32487989956747865,0.3927083207697724,0.17505810621275306,0.18022476230067963,0.24155333497345535,0.11050103942832089,0.4047553121498117,0.3858799329136657,0.09575142530081032,0.36606029448731847,0.18856220091432643,0.29089401289023625,0.4064272492667699,0.16850492171155196,0.3371931552558497,0.36389303798295175,0.30883638726229135,0.3022702352891689,0.3038878736046459,0.1917804503643855,0.22519672156638806,0.24688726834179128,0.2945689140871911,0.318888370041208,0.18660203582640783,0.3061743938678563,0.4438555611860177,0.38199939354040807,-0.05258954746471761,0.4850417548521937,0.21618250055982619,0.3173250126205337,0.19253038802976158,0.24823124740303162,0.08308750926919846,0.20761667756357471,0.28499710388253774,0.19234229039298995,0.2835207889521784,0.24317306522637458,0.30722285903589075,0.4559456940832167,0.3700588656817431,0.40933355311508907,-0.1428551172552008,0.09919388646372533,0.3576594973967249,-0.016639220611081806,0.16842185290635908,0.34000214132982076
P14,0.17087105136229241,0.07181893560317092,0.506846629591371,0.2200307999327069,0.03201162452218044,0.18819842414967147,0.2810781997982533,0.39535536084013917,0.22732817783704592,0.3170563053817219,0.028527970772762177,0.19811695278442068,0.33655832016303855,1.0,0.023376959390236443,0.11598809757319006,0.3674145114751813,0.22762261428871483,0.36220292940536436,0.374509339690557,0.14317849004471922,0.29823998486884723,0.13990473512374454,0.40672042090673177,0.19384010263345502,0.21924591932570164,0.3053754868921334,0.4138491563433952,0.009032221174406125,0.22232377876286508,0.30124479401892973,0.3547539108328178,0.4519706018518029,0.3993971138378552,0.29139117505940765,0.1297719196389074,0.2588167933564595,0.42682327030132583,0.3119460360241085,0.04849155921012594,0.1800918128439341,0.09592621490092837,0.3352169376826208,0.23728073525823684,0.010253085294431225,0.10033483201800311,0.18349265574158613,0.3716594481008111,0.1766261304393314,0.2398301673945214,0.2566699594877036,0.2293043124811761,0.42791721845393454,0.4013791925658425,0.18549899790774524,0.35945750517896025,-0.01820841967549984,0.10793606169539426,0.45875016633038085,0.2701467412008008,0.2388163458053327,0.03819048937872306,0.2982775068525663,0.17576653378440457,-0.14892139152069647,0.38534218910745177,0.14936453032700336,0.2502884954220255,0.29814088638341146,0.10926042448365918,0.3338941320942911,-0.01396598885076021,0.35711013721051654,0.23808335177248505,0.19353570186324567,0.2399038158987629,0.14824590098212906,-0.04949914194143714,0.35164146453524836,0.28174239524166883,0.06082474794759031,0.10145151933318626,0.17173451394574168,-0.17350957222236565,0.1439455842034,0.2519035944265899
P15,0.26798089296892336,0.2469185947479062,0.04038676683684261,0.1818563387184282,0.13094650597100835,0.19327885838005895,0.32596790279842935,0.2678289281355443,0.3473381326908849,0.3252564037461176,0.18221851069551734,0.18073222920118473,0.17961237796229418,0.023376959390236443,1.0,0.2019861746030659,0.13226055186639846,0.05810202680693578,0.2899404806287805,0.24612233903512235,-0.043650757710097375,0.191488407080465,0.08760543576286865,0.05376429281743864,0.45802521659977974,0.3612644086188135,0.27100079258419746,0.3565123069988365,0.42094877123961855,0.24954870807900678,0.33253317053894443,0.29823157759941826,0.2515141514897717,0.043516391411648085,0.3490654114083775,0.2510491152473803,0.28065839861979797,0.1938566342746718,0.1626755657235379,0.3047031970021708,0.2384258132522885,0.28115074576894916,0.40002222085773975,0.4199154336935173,0.16132506487465198,0.34773802496986334,0.3177647807343487,0.24953715448111047,-0.01772211429918027,0.042408203967884577,0.25224837391685756,0.2814039189648257,0.14136696287353687,0.12193151605722537,0.3127736483332741,0.20346287878928715,0.5479541588344696,0.2905417564887135,-0.005747843119069617,0.14239168681137873,0.31243967875257234,0.33220349890917594,0.09390888293100721,0.2963967328958929,0.24401721852227098,-0.015155244839028114,0.3576732818976277,0.2765194795949109,0.4086050824127798,0.20656438218301082,-0.03371591757110495,0.15788628922338777,0.31994183000972554,-0.2854369315556493,0.2089432894267711,0.27635823931349446,0.24225873611845863,0.11576509174483693,0.16410864136911696,0.14081984487038668,-0.16556746599866726,0.2615007272185663,0.15225663197733882,0.18413035770397346,0.047960763905353906,-0.06388061647399547
P16,0.3699984461397685,0.19667013439689904,0.21937843295127524,0.34877760735156593,0.44326238121041334,0.3108280899867952,0.1582518692313845,0.3480194327807041,-0.0007106501324228994,0.27899089501567226,0.32361605067425275,0.3346147899500339,0.2461687854765784,0.11598809757319006,0.2019861746030659,1.0,0.3358399995520513,0.41963977252220946,0.43431516332651654,0.3187028759137814,-0.0692406523087239,0.3181942333121003,0.2634931478261972,0.24429445581193548,0.35473127089264045,0.28221634115389144,0.2207457456547264,0.45359232231013935,0.344674238048446,0.4620084364265134,0.3534736590444311,0.44021399201112343,0.3620807827576023,0.3369485155583101,0.27322819978288004,0.3229424372244942,-0.07740505398622632,0.3264855460936933,0.14654611115364122,0.25633765140312204,0.3677228701351487,0.1603128325856842,0.3940459085864612,0.32297653221607475,0.17272494185219392,0.5004892132845009,0.2249602035593337,0.2514470423751875,0.31747492394483007,0.14215592862637416,0.3207368038249461,0.40638939985088557,0.24298807312425205,0.33517304381566415,0.13595818650392805,0.1035799312849154,0.47689257546931774,0.4462629680036498,0.2476913939993219,0.42543033404360187,0.18871616245258593,0.26071731019941996,0.3624349278977993,0.5257399496948895,0.29705042616260213,0.20044177531819335,0.3796542735166183,0.3076135559855364,0.4127455552805919,0.14248868965159026,-0.06740270680745453,0.3506873814985131,0.23614115894422288,0.20289091603592135,0.38436068251305294,0.41215396276764854,0.26197607934845735,0.25050654322023114,0.34902901930566044,0.39676028745251163,0.019983811152916975,-0.04593237509953801,0.4519194757081148,-0.03705968729773266,0.20420671375513674,0.29600427531501294
P17,0.28285200029526275,0.3250643529036152,0.31823877697740205,0.3056702939824116,0.3204686689125982,0.3977305322599002,0.2530710165376091,0.5107014900687902,0.359618816227889,0.28177338826837,0.2984673593684687,0.34532636688576857,0.3085688800060513,0.3674145114751813,0.13226055186639846,0.3358399995520513,1.0,0.3738788684364437,0.4557502971417331,0.32609288545840515,0.18479635624278512,0.4004243182927777,0.3560164138180609,0.48398420949303955,0.25584204241832237,0.3144284129739982,0.5226616711166672,0.28721039126064996,0.28121915026222205,0.0981888296987334,0.3669175738612404,0.5523969373204067,0.4430296278124775,0.25263707369859456,0.21234916523252756,0.17679753247016924,0.36679212582904,0.38983846991352356,0.3028052983214103,0.12845226894349324,0.5212155037587715,0.11739184353774801,0.2807341703325245,0.29898580678570413,0.19856367102799138,0.2899656427288564,0.1982247946948633,0.31846092627376615,0.19812538247613218,0.27864888930288606,0.37541272519247765,0.5004666556649576,0.4037695951063953,0.36783932322413593,0.3478668948835134,0.1447939676438234,0.2997374918083029,0.36637896463669384,0.5159927068668231,0.3003844053390032,0.20233517120576913,0.2723905817443206,0.49000343851038664,0.45562978524225656,0.17842184214828483,0.1787553972204718,0.44017294026045806,0.40370510298023604,0.3113240004943478,0.41214276862457494,0.15150443729362872,0.21459803420192963,0.19540691635736976,0.14714096556370101,0.2729587097262143,0.5794219042695055,0.28940931008648985,0.06898075121551304,0.4371664582234703,0.5278509934820553,0.03439234664996422,0.0692433699577659,0.4480768998618985,-0.10541871063704959,0.1837054091850277,0.47477082126490766
P18,0.3871404411002537,0.19316179063968508,0.1907063777260914,0.2517635505528766,0.20953668214024157,0.3297131034217761,0.14065786713608341,0.2963016064954269,0.2864386894707922,0.0955599409098776,0.017836723293281655,0.41895929979712915,0.15753240013346342,0.22762261428871483,0.05810202680693578,0.41963977252220946,0.3738788684364437,1.0,0.27636892691467235,0.2738233409668424,0.19805872275090106,0.41038196259673254,0.31625274073315646,0.312895896902362,0.2900777457725482,0.2106096840034216,0.17054390046479204,0.38696357468039966,0.3053168435632669,0.2928179991049044,0.46134106172646466,0.505179918095469,0.38707138773515254,0.23536029638255515,0.15003405625719954,0.1426187066626562,0.22493836782657553,0.32569070915887405,0.38772806478766303,0.2643663441346824,0.37163440277791676,0.3900471768336174,0.17912314774934798,0.328731061437582,0.045178102118794645,0.16841979360065304,0.03912527888313187,0.2677397172766815,0.33185590826049816,0.27391950107460933,0.4283527182385268,0.23067792782161173,0.38937063140965666,0.2851454509145305,0.25998526028995217,0.14962052512117113,0.17582407848046575,0.23704292149510106,0.16804677151997405,0.23073710510697804,0.033283356360512516,0.35953102571601525,0.32412821273220205,0.28388407574422075,0.27993908433628545,0.262112264562111,0.21201210665026338,0.3219483723142679,0.16477013648992928,0.08171072732768703,0.07125468502136836,0.08544797533769817,0.014421842294713648,0.2977469806457862,0.3101990612243945,0.41246462654444244,0.2484947112712573,0.01285159725290457,0.37526388325161386,0.3541301314173851,0.27093609814877306,0.001335602896536136,0.326269153254566,0.07866708890839755,0.33413103580578674,0.34642059764133937
P19,0.2910869581433198,0.26838154279513693,0.29691399103286953,0.5427380863118527,0.45540937137899073,0.28425909996685655,0.2682182937401484,0.5297957031094129,0.42222856548856247,0.3877787710279634,0.29989469073395686,0.2679498835147896,0.3781941751340282,0.36220292940536436,0.2899404806287805,0.43431516332651654,0.4557502971417331,0.27636892691467235,1.0,0.2985753836214669,0.1622216149578783,0.34390562249940293,0.19967801557984868,0.3937240977105129,0.20043389760226485,0.3162762146688795,0.26150150496200986,0.4371928189727624,0.5057852027818892,0.3382257755089761,0.3100469128760342,0.5688334331575624,0.5529437528721483,0.09074317048539356,0.32588567800092044,0.3916624634159755,0.184836744746976,0.4359631645784042,0.2646086274967774,0.12850969398995146,0.2665414652816033,0.1317525394734488,0.5258843728486934,0.358519622862383,0.09953606937962804,0.4022296655015875,0.40146438461870104,0.42813830212693643,0.20338875509500512,0.261970408684723,0.45678244130564233,0.30650121831595395,0.4734169335380381,0.4877998506748889,0.325953160520957,0.2595932954154223,0.5256930899368375,0.4999005794012047,0.397006377917964,0.38094622732747835,0.284955857751924,0.42411517087443973,0.4079570139645033,0.5297543978231242,0.14625812420754236,0.15910259277050065,0.40791289892174365,0.4104349333273462,0.48339298950365756,0.25318334953323113,0.29294455880367637,0.022915893876890723,0.37040890405929416,0.22001067208844877,0.20088338424062394,0.5114597449259053,0.2596597450561476,0.13273942682249312,0.2960432383792208,0.31020999357864515,0.03747352863145167,0.04502378167505308,0.2940654187979854,-0.11891061512562001,0.19673453024124438,0.20716515598697802
P20,0.41527137780978035,0.5275780674647762,0.5536094742145062,0.3605228904686031,0.24922666725535453,0.21552474934535218,0.3031141008777536,0.5031367008083194,0.1868046056295262,0.47158438596955526,0.19605948966737216,0.46721913965105094,0.3335220926150194,0.374509339690557,0.24612233903512235,0.3187028759137814,0.32609288545840515,0.2738233409668424,0.2985753836214669,0.9999999999999998,-0.027058651220065504,0.15218598134074576,0.3137485167015559,0.2980247183773089,0.4618807652207833,0.3373294166992817,0.24698429133509808,0.4461444549199987,0.1776905999501009,0.1844769589415611,0.5154695347788676,0.4355060181741028,0.4542714054268525,0.3710480974938518,0.33078984365612046,0.056366213346605416,0.3294476750934856,0.41015069481589894,0.040434350267836996,0.016235653868548198,0.4461376382384559,0.3532891890867676,0.4153781230040949,0.5588989482448237,0.14695398549307553,0.46391045091972133,0.17288330231024845,0.4106390650603133,0.26426058306686373,0.1615822898400299,0.19854104549447898,0.30703856155307707,0.34342456161238255,0.4353278322638556,0.3855767254999182,0.33376208699739,0.3643304379945053,0.3335341171581388,0.4630186070413864,0.1806052639839297,0.3462556358229935,0.2279369948067307,0.2976986407033597,0.5109301658494796,-0.08378759667880945,0.26615071793105227,0.3864897990055828,0.4265973317298502,0.46731328056286503,0.4087442016713089,0.2139371920897789,0.36548838144912954,0.5175678557434367,0.007106685884651021,0.4213841937734395,0.36765928993974273,0.3155963840506427,0.3460176762979698,0.25292435684195497,0.3045491908706635,0.01772210533841453,0.014457191085714473,0.40757381871936765,0.2287658083347175,0.09449000010258778,0.2670588600127215
P21,-0.039447998366753376,0.21044810049621393,0.19061478119726405,0.27012689013054825,0.10846930979523813,0.18671389104009475,0.3497426999444558,0.21846034729801048,0.2650073892320323,0.23387958928494604,0.010870808294386797,0.14266628448206564,0.02458055944236947,0.14317849004471922,-0.043650757710097375,-0.0692406523087239,0.18479635624278512,0.19805872275090106,0.1622216149578783,-0.027058651220065504,1.0,0.10047837103400571,0.3433721155968821,0.3209168134663652,0.09345411968150791,0.2038127901856555,0.2460168626941164,0.13022768830271356,0.10912855667664685,-0.10696853861721352,0.20474084583079782,0.2598860018420001,0.2605477796237831,0.24434665871284228,0.26018732492810226,-0.227454266466265,0.24990303711518178,0.3159851998342636,0.3391908217522379,0.11222053308740967,0.2114206655959891,0.1405695915632691,-0.0466790360129998,0.2352920883175631,0.10672287441159685,0.10248295651299223,0.15032898149207377,0.05860528085465972,0.26413528512289525,0.3175513902002,0.3293733937125335,0.23708156108067394,0.05953081743239298,0.07856203150655389,0.13376683076765053,0.04250462083356172,0.05578407905076069,0.19548260024327646,0.24783277778617108,0.17368458579677273,0.014331402698983727,0.1537751031007864,0.1639319109315152,0.1483490959192253,0.0169841924847839,0.1975450228976558,0.00517105939276268,0.13132811952854562,0.044559247030501785,0.24947064268273364,0.3978457193880885,0.16540690662535193,0.12628459754072605,0.19651261273548035,-0.038871216874716064,0.08904195557575807,0.12937068910093308,-0.17013528788112858,0.07817523697530594,0.16105244027585144,-0.09152557772567613,0.12114495244013394,0.19524679839455925,0.16305445922425155,0.07407833344965406,0.1419840577034769
P22,0.2973850764636235,0.04489004324027953,0.20631223763558995,0.1987594321012957,0.23537990176458323,0.43485733015306455,0.17363734040430234,0.27434979740718884,0.3173703073448982,0.1321767550004351,0.03994118521609498,0.3626703197396654,0.3763147439881674,0.29823998486884723,0.191488407080465,0.3181942333121003,0.4004243182927777,0.41038196259673254,0.34390562249940293,0.15218598134074576,0.10047837103400571,1.0,0.18255331945938738,0.23919870808766674,0.20304767242417723,0.46837882938781566,0.05863056407509937,0.24491016563342374,0.4219509006696502,0.46895521312074384,0.34255048057940457,0.3384766793672888,0.28718723808479196,0.40948987062917847,0.20512610660660446,0.2954091792961947,0.08623007017040622,0.3436432252353565,0.47329074798340115,0.21939659627559532,0.1785592608599433,0.3953413681117066,0.17611588675590212,0.19315020477104183,0.16176732831799648,0.19859823030338916,0.12816208249509747,0.21750761398597213,0.3878361486796606,0.3598507644219243,0.2603482429692046,0.2769078036595085,0.29343844492438464,0.14990330233709792,0.15139003715524674,0.05698716357154673,0.22012635053348878,0.31866098038853363,0.10125577267236459,0.4084858844850116,0.25456981149313285,0.37116149073321236,0.3971238606365021,0.3094674826789451,0.19693516822450466,0.24604045782222952,0.031533886214178256,0.2353420838999866,0.2216479918791354,0.1314917024508622,0.21022281580585936,0.15658922836842457,0.19717151422175022,0.37202139224447955,0.22665726434899508,0.4016133649436424,0.07945853834807765,0.15460136682020573,0.16751145862456943,0.17047411045478822,0.19710784575115614,0.06369665824032444,0.4109271300071225,0.030579140166091416,0.35232477435909904,0.3108291735819998
P23,0.1399305016371949,0.27881166797270407,0.2166075707538783,0.07963704500760997,-0.0393410741471744,0.17108454282955646,0.09199318120609881,0.4262304452343418,0.20070798833527967,0.062296980340947876,-0.022440199682783254,0.1492565663447308,-0.040321475974904875,0.13990473512374454,0.08760543576286865,0.2634931478261972,0.3560164138180609,0.31625274073315646,0.19967801557984868,0.3137485167015559,0.3433721155968821,0.18255331945938738,0.9999999999999999,0.19474950984486605,0.26182714618276115,0.1459648377919313,0.26366704478246683,0.09209748140617892,0.2267612758959553,0.09792333966237962,0.09776276166478752,0.37515737861218057,0.2692548100570005,0.2879620271663716,0.0007968362566575347,-0.11633775716166676,0.10739402560324486,0.07193322497857725,0.03587388305311609,0.03078209146408332,0.1751392614147426,0.2934540598438718,-0.06911213583943383,0.26842940795107767,-0.0341567809873063,0.15045756343337768,0.3163983026928833,0.16501904143301546,0.13200077366400614,0.11800452056745271,0.15198826501419502,0.4541446762281118,0.021172000220849203,0.21865950329760253,-0.11652477918779808,0.13943226523761934,0.2274793459932849,0.37531803128132646,0.22082700380219852,0.109981345487314,0.26415021865487376,0.09073521802598604,0.2397248212962015,0.086120621255903,-0.08309021759793374,0.046781287753802143,0.17481120059008487,0.13692199428066096,0.4061712744758498,0.2398587813862287,0.2103976298114522,0.1877401829540773,0.19361893162962066,0.08647814152694955,0.25098648598375045,0.2095332800809379,0.16026231261640866,-0.034460073675508275,0.26237122632775894,0.14778488071277537,0.06031129926524385,0.001679187682228918,0.3651020119430922,0.021942042132444706,0.10666838114533513,0.15405434447206848
P24,0.13721139945525404,0.33544135743458114,0.4266525948271544,0.3979979965703467,0.3679859136686818,0.4024060140854126,0.5375601997160824,0.38918419943516913,0.27552880143770725,0.3486339602127866,0.12532289111949388,0.1287477897163195,0.26349752919849995,0.40672042090673177,0.05376429281743864,0.24429445581193548,0.48398420949303955,0.312895896902362,0.3937240977105129,0.2980247183773089,0.3209168134663652,0.23919870808766674,0.19474950984486605,0.9999999999999998,0.39280118282599846,0.2890224880891027,0.390308358046894,0.5520913189628254,0.2656928907727813,0.2518242901896184,0.37687703914658405,0.44893717158623836,0.3984139330225445,0.1664656630735471,0.35552070570318817,0.08478413230027672,0.343238167843048,0.47908435852987313,0.3275668044805151,0.17293681214298298,0.401697086591366,0.12565606566933202,0.38464087441182665,0.2525527289171054,0.20597631911376774,0.22543802081550268,0.08032273102852325,0.35797664617026564,0.28704984948028434,0.4143107898099763,0.34786315419268404,0.27800407429037005,0.4753138049469012,0.31977146608344204,0.3714282854243299,0.3619158577980183,0.10533090151631828,0.39438933496822154,0.40256611860826563,0.18374807127074602,0.03680103560152108,0.25280126025651356,0.4624399996273584,0.4012657380637314,0.04714578203755695,0.34137891540649284,0.3985982117577454,0.3801187279149677,0.29666696682098054,0.29431976843245056,0.28161906036684436,0.21710948736719982,0.3187280237885649,0.1849482621230912,0.27267346081186067,0.44009966870829204,0.3158421499023566,-0.04658271724503798,0.4082297293442186,0.36204342343808527,-0.004929922653186024,0.05020060830283898,0.24685049831690908,-0.07386852993681224,-0.0067276767141362034,0.3379121010807498
P25,0.32711254276025964,0.355618588814449,0.25675482161395513,0.36354080341816103,0.3300415499624341,0.33360475288854025,0.47206042001775744,0.42461475313678443,0.36419739406081625,0.4419808618126474,0.24796541650894888,0.11788685759966144,0.28794974897835596,0.19384010263345502,0.45802521659977974,0.35473127089264045,0.25584204241832237,0.2900777457725482,0.20043389760226485,0.4618807652207833,0.09345411968150791,0.20304767242417723,0.26182714618276115,0.39280118282599846,1.0,0.5458012987198619,0.3159760219136408,0.5073515409346974,0.45427429372608763,0.3222882000013461,0.42348092227619316,0.3167539132001771,0.44424231125879965,0.27437434402208594,0.5368262508184358,0.008750381605191353,0.20702263369107307,0.4492248641184596,0.14459018695467477,0.4500986030158493,0.39872625658545596,0.4590589488043688,0.3813303698593592,0.3959378627341537,0.1852443790165378,0.3630967570430281,0.2501744646870907,0.35136772932836396,0.2206098243405936,0.30310903623369645,0.36281974392478483,0.2809039066984293,0.31677590596641486,0.3814685665154674,0.3786437791295645,0.33253711539434566,0.4777539354735241,0.3953764138732746,0.42051173946564074,0.11710649258179406,0.2859129378775248,0.44646879314878957,0.23084765033416896,0.43452599531662095,0.10187092880553916,0.16381698010085802,0.3374803714597976,0.4100962197463437,0.38874332547041796,0.2725496033776391,0.17604492322933768,0.38165005592145296,0.5510989302324475,-0.08866878008917713,0.36491960062748974,0.40580944167585803,0.35489442769872365,0.05743289823042677,0.308308342598106,0.43107115767071663,-0.040793302348562356,0.22400035151457998,0.27474867726075836,0.1872432002320008,0.023910311919714516,0.10156709676186046
P26,0.3806812976534442,0.2524210117374545,0.3901968373908103,0.3015044427402062,0.42738713945871315,0.28513467450220076,0.44669738018520205,0.3094338332433758,0.3706898434796467,0.5805151645833335,0.3104459204980683,0.26885863719281694,0.334738784666126,0.21924591932570164,0.3612644086188135,0.28221634115389144,0.3144284129739982,0.2106096840034216,0.3162762146688795,0.3373294166992817,0.2038127901856555,0.46837882938781566,0.1459648377919313,0.2890224880891027,0.5458012987198619,1.0,0.37279576109072954,0.3898647904600501,0.4122084101711639,0.42746163458959463,0.3839274381837691,0.2788130159088861,0.28165963967179175,0.3094276441024295,0.4504572463841155,0.13999927081669025,0.21507909162871724,0.4723099109285237,0.4183780248307258,0.24363205557152687,0.2850213890421587,0.25212344813445225,0.3784770736612923,0.38781239428847475,0.22456198623764342,0.42197175546035026,0.18896321997962562,0.5378692502567072,0.27717498837573074,0.42058829549527854,0.22093086513953125,0.32159756853718696,0.21914144473259475,0.21616109244138212,0.2765047971125574,0.13920431468886074,0.43911202681980566,0.33856098646910676,0.2004757742973762,0.32207042843739087,0.20897357379476664,0.41154088323971705,0.3074028480549398,0.5087272362966602,0.19906137794983197,0.1729392434900809,0.15794674038406706,0.17435693649281986,0.33189722166313307,0.3936965771056034,0.20429378649239227,0.26937975378132495,0.5380949323776374,0.07474821430078867,0.33539761011177155,0.47332970600505014,0.16705207616184814,0.11598708690277673,0.29520548091002574,0.19763289067037004,-0.07440285399187056,0.1870811469818711,0.294572813417708,0.36602911461298443,0.10521825583552688,0.10755773601524707
P27,0.06616085270895598,0.2077312308231149,0.30560628623007213,0.32275534758980756,0.20293165441187247,0.256077120249779,0.37759531578338923,0.3932534815345094,0.3004252252553336,0.33940584684846725,0.2318943855526329,0.18379793045756215,0.13258930685624565,0.3053754868921334,0.27100079258419746,0.2207457456547264,0.5226616711166672,0.17054390046479204,0.26150150496200986,0.24698429133509808,0.2460168626941164,0.05863056407509937,0.26366704478246683,0.390308358046894,0.3159760219136408,0.37279576109072954,1.0,0.4353695150016204,0.11499903905620294,0.12370565126054581,0.38047743282132723,0.34579166310851894,0.23491493240489558,0.23370330899988492,0.46578600375813306,-0.0018222610158843287,0.34746721567330174,0.18641888833675135,0.18381903548315218,0.1844474227509671,0.3656765606246116,0.08551624681101888,0.419061810948686,0.21266335212225904,0.05529206210456636,0.2858079644300774,0.10043938784557446,0.44510005688460635,-0.013606480516145015,0.2021296094475741,0.25411368602868606,0.480426307055225,0.25708628030716674,0.21779720518634757,0.22561175367041714,0.3089494516353238,0.2520770915214594,0.01620255970057312,0.256002826021967,0.38059375925801514,0.15595010057462322,0.18188665138840052,0.27736666080195743,0.40509131871596077,0.042082305199184884,0.2060281053310038,0.3629970356460032,0.1951830318262145,0.17153765427618592,0.38139860438991463,0.12877336600959124,0.13780648772202583,0.3095076020345036,-0.12785671735346812,0.23066036163911782,0.4658691266900452,0.42106397212348057,0.12435350893413609,0.5529378176214474,0.27778196908153124,-0.07857602271603079,0.31672700243754726,0.1604302257708227,0.0866066029676658,-0.027430157784355536,0.12282798852087992
P28,0.29427857786919276,0.30762333880735765,0.4109831310077646,0.475643617661891,0.3970391166949455,0.3327057837226215,0.5878709008627618,0.3711088205146827,0.3096385786637904,0.5045461640551722,0.1839156081909099,0.3472117997191706,0.3422177227000918,0.4138491563433952,0.3565123069988365,0.45359232231013935,0.28721039126064996,0.38696357468039966,0.4371928189727624,0.4461444549199987,0.13022768830271356,0.24491016563342374,0.09209748140617892,0.5520913189628254,0.5073515409346974,0.3898647904600501,0.4353695150016204,1.0,0.3350652682422352,0.3440406406925376,0.5124885252541647,0.5528788528014449,0.5443225172280685,0.1249371215159393,0.5739168974940794,0.16778734790560784,0.26928848486171275,0.5842896345694416,0.47640810605480993,0.23967540034768806,0.34121783787673865,0.1953733314892799,0.5956924223771376,0.5087994760061586,0.1999903022083355,0.4370026763203017,0.1893244602695594,0.3784152296972677,0.3490249525031756,0.3711897031745137,0.49658856537247803,0.32624511247027027,0.506177518403609,0.4459088908624492,0.5254306959379005,0.3828958510401036,0.37851460129586706,0.38717747429643423,0.4042531764798044,0.4503946589928196,0.30713298959377083,0.44207054157103026,0.5682135201516733,0.5186593021783801,0.0017841297424314687,0.4813264168430104,0.31734137629326536,0.6416336809198552,0.45663011311841767,0.3122811311435322,0.2236377302206877,0.233822098173578,0.5250044082993328,0.10687538068454214,0.22833126533846754,0.5008470782400036,0.3513411750894236,0.014694581538310854,0.4674693295267224,0.39396942356001835,-0.008477292090722456,0.08961195193797461,0.17272610267763136,0.043803749757218284,0.07880480268004822,0.16895795681294562
P29,0.37035276032598374,0.2714177747944475,0.07870238713719951,0.41373961998108544,0.5079071973620696,0.35590892481195413,0.42143082399763754,0.24924384196591878,0.3521859055134824,0.2170081077461122,0.2243038620321785,0.253510729185538,0.33027951083835116,0.009032221174406125,0.42094877123961855,0.344674238048446,0.28121915026222205,0.3053168435632669,0.5057852027818892,0.1776905999501009,0.10912855667664685,0.4219509006696502,0.2267612758959553,0.2656928907727813,0.45427429372608763,0.4122084101711639,0.11499903905620294,0.3350652682422352,1.0,0.3999164087634299,0.23834251058552522,0.532775824512962,0.4715566995317243,-0.01557159097331874,0.36724407480062793,0.28498173616625544,0.1815114785834866,0.32358398280462514,0.2722921002622557,0.36069399785098744,0.15349102990459873,0.3356049382312335,0.39441415638807376,0.33337268131222875,0.1160393897958652,0.40864436470302057,0.41162918678458466,0.4005904674157056,0.2738868737253324,0.3106722722421588,0.3603919975893234,0.4230311413721387,0.24914111268533953,0.239391000562215,0.38493779296037395,-0.0260725933392349,0.5839963494875324,0.4526632341218189,0.13915640618851158,0.35381870759088735,0.35088727811888376,0.6340447170068205,0.4428547475155488,0.4268273553951709,0.26654138917614945,0.12558632732655964,0.3376721914518385,0.32492928057580217,0.4387608596577568,0.2868917078209466,0.07044919570533166,0.19466057579987964,0.2899986398077462,0.22506020444129154,0.20808662636460398,0.48122022594232794,0.21456955188259347,0.031860318257233095,0.278444541163231,0.2597633471607774,0.0802768721575968,0.07666395733865668,0.3374860738898645,0.15532274591315826,0.1114798072623677,-0.010653638413160369
P30,0.4328164994349262,0.22914919088135907,0.24947017743986602,0.23171295472069828,0.33485287339554715,0.13485375420632867,0.14933482195880074,0.33314325594937594,0.039696767754839046,0.13986487183518131,0.1871948888360663,0.22638432961862281,0.3191310148533371,0.22232377876286508,0.24954870807900678,0.4620084364265134,0.0981888296987334,0.2928179991049044,0.3382257755089761,0.1844769589415611,-0.10696853861721352,0.46895521312074384,0.09792333966237962,0.2518242901896184,0.3222882000013461,0.42746163458959463,0.12370565126054581,0.3440406406925376,0.3999164087634299,0.9999999999999999,0.3836025462573047,0.3053104536505967,0.35231043468973106,0.38898125185930943,0.22349569626317725,0.2854115264349473,0.13869473646319444,0.2646297918237036,0.3060112838655202,0.40743392125006506,0.16411440163482438,0.38817930721255844,0.26288422741715844,0.1942495522469256,0.07399903229048956,0.4071560677653767,0.3091356625755821,0.47176280584007096,0.31362702842273027,0.10934919500022705,0.018780982511275336,0.24112357778782895,0.17628509712524232,0.21119241735497038,0.07522304034441836,0.23349928820359375,0.4216953741684467,0.1968610797734751,0.07096414696782767,0.34785546782644927,0.1608908518358851,0.2957882405404871,0.27440969223941314,0.3371475379551101,0.332452888121271,0.3233913680686762,0.14840635923948325,0.10311828308852876,0.3254525774012219,0.19772038077642293,0.07010918047530272,0.08921940662603749,0.22567395066387785,0.19078120590786202,0.41499602612423026,0.21630146465801417,0.2818189843478134,0.13575069149302915,0.23325093168884503,0.16905534677819437,-0.12923159302402273,0.19370108442851858,0.3427517783280235,0.11763307816362077,-0.07049969039259624,0.08184328084111786
P31,0.3002328848428535,0.3541393202352725,0.20656063011756048,0.3272921208233623,0.3549776821468153,0.3663387415090279,0.29529342467115915,0.34484084359978656,0.2342127329686929,0.43451136474197816,0.2533531563435348,0.247206409635986,0.31158236111453524,0.30124479401892973,0.33253317053894443,0.3534736590444311,0.3669175738612404,0.46134106172646466,0.3100469128760342,0.5154695347788676,0.20474084583079782,0.34255048057940457,0.09776276166478752,0.37687703914658405,0.42348092227619316,0.3839274381837691,0.38047743282132723,0.5124885252541647,0.23834251058552522,0.3836025462573047,1.0,0.4325734982647872,0.3944705431438233,0.3136715806635178,0.5298209892089688,0.15173881451535928,0.2817030294454868,0.41642320431529367,0.3670444321369713,0.2547429112785191,0.43765158676437277,0.4799619001488533,0.34218654216869787,0.4349723268528102,0.20233954153846082,0.40451425194002455,0.11941642875402224,0.5568200913631878,0.3210657374477458,0.1949041023574852,0.19397950533960792,0.3412825451502966,0.4487158927129743,0.22891370175472886,0.42000183953447695,0.1856378495751405,0.39104120611003873,0.11947221895961824,0.20969082058195465,0.36045651241824606,0.06202174327239476,0.3770156204542897,0.2762515593016831,0.49914749536714387,0.2991967941258404,0.41299451574316925,0.4714304576265853,0.24643016624207736,0.1352145507760261,0.2385304152080976,0.13212181194348965,0.2433797545462057,0.3093664410031906,0.05155667600204717,0.26277225334400045,0.3991389894033471,0.3866877036359042,0.11112567518321005,0.35875448934256376,0.31399586749938985,-0.025932440941268158,-0.01443958071957275,0.2886636301265228,0.3248061816245872,0.13092713195789996,0.2444129696598963
P32,0.34980130497397766,0.3501093950578057,0.2772131781259818,0.4103641681675321,0.41928739864685266,0.4156436392834296,0.37230206354181133,0.4753293933793606,0.37296542999361315,0.43316175128776513,0.15693697609987686,0.4568014907497867,0.20621143326391947,0.3547539108328178,0.29823157759941826,0.44021399201112343,0.5523969373204067,0.505179918095469,0.5688334331575624,0.4355060181741028,0.2598860018420001,0.3384766793672888,0.37515737861218057,0.44893717158623836,0.3167539132001771,0.2788130159088861,0.34579166310851894,0.5528788528014449,0.532775824512962,0.3053104536505967,0.4325734982647872,1.0,0.5740308956474325,0.1908424778277726,0.4532129733560849,0.1828283264437476,0.30117940357990125,0.5081674087772897,0.47937209818724896,0.3346276056924074,0.37216105007695705,0.18516854790641563,0.46738109573807207,0.513522657716021,0.1528945947159138,0.4156777677025375,0.3380711877681223,0.4424116584807824,0.40387795941428617,0.4770783031054298,0.5010087397347821,0.5440734600012407,0.456753407285878,0.41923920961104494,0.42690101078459497,0.11156974298269802,0.5113086582703741,0.593945676786728,0.425647297536008,0.5088955661422537,0.31802996480898654,0.5369283052530173,0.5530714308259885,0.4370726600692727,0.2214964663529808,0.32154189108233583,0.25877777519698514,0.5492066822582248,0.5523875812895265,0.4816351888242598,0.28418765475876545,0.21061471083040387,0.39288368977463795,0.20715168474752232,0.26975724609932566,0.5948284308023105,0.25794077928614073,-0.038526878949708805,0.401553675420029,0.4738795615104271,0.0728220382417348,0.08035967974269068,0.4360724904334151,0.06307491459518412,0.10093084778687914,0.27890244216972254
P33,0.38559599557335567,0.4184203378675964,0.26068425475306867,0.5296222636774324,0.3342718001703766,0.2794035073284612,0.37010596085097985,0.5354285131212448,0.337135181465574,0.35979285731620125,0.2067702048500306,0.4287569241509689,0.46434643001070736,0.4519706018518029,0.2515141514897717,0.3620807827576023,0.4430296278124775,0.38707138773515254,0.5529437528721483,0.4542714054268525,0.2605477796237831,0.28718723808479196,0.2692548100570005,0.3984139330225445,0.44424231125879965,0.28165963967179175,0.23491493240489558,0.5443225172280685,0.4715566995317243,0.35231043468973106,0.3944705431438233,0.5740308956474325,1.0,0.2922469846063229,0.33029874108423324,0.27686130568177497,0.3717147515572224,0.6211912165902117,0.3134835508800961,0.28668476747266164,0.30232530847391165,0.24902293968523193,0.35700114984468206,0.5538674336966,0.2028053794546351,0.5652250576978018,0.46963684756251123,0.3692960663491986,0.3888484470604508,0.2494110410181693,0.4811819578998468,0.43950952972375057,0.373949542996643,0.652444677195832,0.39834559678562675,0.23929402321790713,0.42600726814468187,0.38612632059690233,0.5969685470522567,0.3602965686110432,0.5149859112825047,0.5451955404253703,0.5187245079018377,0.49502359649530486,0.11392569605689987,0.3411620041702546,0.29657072566297554,0.5590056549528775,0.45106524074164006,0.38881934750961894,0.3687198553244092,0.26561187886024806,0.3526447040279129,0.30230311268796134,0.3460573850143205,0.41238070230988216,0.3056496558871092,0.13846600924407865,0.3992582791548376,0.5652622760493039,-0.05630869128299538,0.15578532760116073,0.4189969607153522,-0.04666704754380205,0.05506438624156096,0.32861788555113375
P34,0.24620429781086242,0.34730768941931145,0.35651591014234946,0.13713140188622025,0.06550731942188946,0.19480221195385444,0.13578417564692724,0.4098412960358897,0.037819183870577616,0.17348973297683767,0.09836391605772672,0.3452029829951998,0.3310891567506496,0.3993971138378552,0.043516391411648085,0.3369485155583101,0.25263707369859456,0.23536029638255515,0.09074317048539356,0.3710480974938518,0.24434665871284228,0.40948987062917847,0.2879620271663716,0.1664656630735471,0.27437434402208594,0.3094276441024295,0.23370330899988492,0.1249371215159393,-0.01557159097331874,0.38898125185930943,0.3136715806635178,0.1908424778277726,0.2922469846063229,0.9999999999999998,0.3213299066865687,0.05980682610290926,0.18239521959165986,0.1672424826811001,0.15452110389174914,0.2546323523613296,0.32345566812812837,0.3466461071606362,0.18054080344357085,0.30800331624030236,0.18999160109882465,0.305343288660633,0.23136633454733022,0.21669577588959166,0.4306613323560293,0.1954941331799396,0.06945474788072016,0.30588905847488784,0.13099223172446203,0.12227368659374943,-0.05538711643965377,0.19731728045481894,0.08640253611140301,0.18024812486207123,0.3014768377149797,0.31492903585679516,0.2118400339519169,0.08788020845335347,0.16417669620708955,0.18997538494072097,-0.09182182288688927,0.33659105004840284,0.14882552453780198,0.13761740065824737,0.2114051769138538,0.29632199648840846,0.16905797110488954,0.20726807894842847,0.23237970989153697,0.21328704690716369,0.4811324660847963,0.1582806787235198,0.3895756972634096,0.30675675099267835,0.10104018995274285,0.2564733628668839,-0.14943141318493028,0.149302818454226,0.40502944572971605,0.12163078662645217,0.06805564531718095,0.3483637940983145
P35,0.24258267800861752,0.3240321026125059,0.1727323393362876,0.43349422909019064,0.4592089266127533,0.34629414542746617,0.5816341129945348,0.2712533649359332,0.24546631196385574,0.6945227025206451,0.2877542710943238,0.15130109623993263,0.1857326208791448,0.29139117505940765,0.3490654114083775,0.27322819978288004,0.21234916523252756,0.15003405625719954,0.32588567800092044,0.33078984365612046,0.26018732492810226,0.20512610660660446,0.0007968362566575347,0.35552070570318817,0.5368262508184358,0.4504572463841155,0.46578600375813306,0.5739168974940794,0.36724407480062793,0.22349569626317725,0.5298209892089688,0.4532129733560849,0.33029874108423324,0.3213299066865687,0.9999999999999999,0.05384444202097378,0.14004737139659848,0.38223539683538194,0.44346119591396327,0.3754819161190588,0.2504595312658941,0.31623276279419454,0.5424639238393527,0.3679747520852111,0.2945251613827542,0.3874253259276804,0.2787449203089523,0.48638218508924747,0.28146310547017583,0.49945234047621956,0.3536603317479935,0.29893317548283876,0.3567076865490112,0.1577908707938591,0.40286460744905694,0.1025400503432125,0.35185193881657534,0.2766543848349576,0.3519856359527946,0.4867505692046278,0.17385459367031278,0.5093679957120797,0.31868971163573534,0.48307074220657364,0.006742772915680702,0.39806722932239236,0.36937309608775193,0.36689656813429194,0.2724703657504499,0.32325710179716194,0.20871674946356786,0.1938181795185048,0.5650819809277231,0.07094440505431694,0.1425848384195658,0.38585938673350473,0.30930124282502863,0.056649140572657776,0.2760557555884881,0.34372658968902314,-0.09669197004254589,0.1130977883842414,0.1319030675247296,0.20345328848023006,0.004412184796733739,0.014322150764154929
P36,0.15234310324528805,0.04619326003339809,0.10880828566240233,0.12126732137708938,0.19857189874498812,0.34851122527454653,-0.07270578714666528,0.2342743984205604,0.040442647064667624,0.06022493997918725,0.11259558318408774,0.24960317078446367,0.36911931701021916,0.1297719196389074,0.2510491152473803,0.3229424372244942,0.17679753247016924,0.1426187066626562,0.3916624634159755,0.056366213346605416,-0.227454266466265,0.2954091792961947,-0.11633775716166676,0.08478413230027672,0.008750381605191353,0.13999927081669025,-0.0018222610158843287,0.16778734790560784,0.28498173616625544,0.2854115264349473,0.15173881451535928,0.1828283264437476,0.27686130568177497,0.05980682610290926,0.05384444202097378,1.0,0.08299371646485622,0.062356087649572525,0.2503206325133661,0.03863471538934657,0.1158551767232929,-0.0020057339976268574,0.1584300571418729,0.2152237775556961,0.2843469143816814,0.27147345667837985,0.04984542139622842,0.2503542102404815,0.06675934174581127,-0.07098114392607498,0.14227383816100472,0.0967048940828246,0.32587859123172586,0.25862421817967385,0.13936937104069239,0.000396614776068064,0.20881951847957234,-0.017443604433310708,-0.0015006043498864276,0.23291124753680414,0.14937707687254217,0.32836646002334197,0.3853249078508587,0.0763752932588995,0.2452931004035069,0.08350424993034318,0.24716517392003706,0.24090391451811843,0.09224749547475601,-0.07062893092559493,-0.13500046445168273,-0.025860246240452554,-0.07738660768730936,-0.02433419836790625,0.35145616213271963,0.3731433644007743,0.03298810909854591,0.17636323796369524,0.3052700678738406,0.3395978211617746,0.06845104012169943,-0.07737481736836677,0.23069586870029488,0.06632007417465306,0.17722908066137813,0.21922333346828504
P37,0.30912426182413516,0.4407949425004519,0.3935270331194436,0.1610037529497666,0.06966002654955712,0.15033605585155124,0.354591355698468,0.3928303098460932,0.3513042518230052,0.25558302250645526,0.022265940915110752,0.3502251766238828,0.32487989956747865,0.2588167933564595,0.28065839861979797,-0.07740505398622632,0.36679212582904,0.22493836782657553,0.184836744746976,0.3294476750934856,0.24990303711518178,0.08623007017040622,0.10739402560324486,0.343238167843048,0.20702263369107307,0.21507909162871724,0.34746721567330174,0.26928848486171275,0.1815114785834866,0.13869473646319444,0.2817030294454868,0.30117940357990125,0.3717147515572224,0.18239521959165986,0.14004737139659848,0.08299371646485622,1.0,0.33715636799145327,0.23208048503994813,0.24926762713085937,0.4348911742826624,0.12688995740279385,0.21851632184281305,0.45314012422986083,0.24332281145109583,0.2519963287995051,0.2023239960298895,0.2965901798116095,0.2598810659589657,0.13254107661736378,0.06597481621421711,0.44305365247054646,0.22341413816658096,0.2982097919772929,0.4220880117504036,0.28246903313935656,0.2227760282492981,0.17082455816947778,0.32197205003332,-0.014594985293349167,0.2749432693899946,0.13495177031532313,0.36712280904615946,0.31423771159542363,0.2075296808096793,0.22208120196611328,0.2734023564023917,0.4542937675115694,0.20135395659326116,0.361730394777692,0.17865385691095287,0.23639139483235028,0.23333233197548758,-0.06091078096664868,0.42973110394990305,0.3649244157064535,0.32806954376385883,0.1069050267172576,0.3803120390641476,0.2736470687033374,0.030603963142037328,0.22098364139403007,0.35180729832367963,0.25925957155731405,0.07401888189189285,0.4574870054444532
P38,0.3067535609648243,0.3190433577918398,0.3556490713086314,0.3536309610344572,0.3921517313708212,0.22337582664412528,0.5344395151383287,0.37941364960226553,0.43701544976017875,0.5225181284348005,0.1564543776661504,0.279596450292987,0.3927083207697724,0.42682327030132583,0.1938566342746718,0.3264855460936933,0.38983846991352356,0.32569070915887405,0.4359631645784042,0.41015069481589894,0.3159851998342636,0.3436432252353565,0.07193322497857725,0.47908435852987313,0.4492248641184596,0.4723099109285237,0.18641888833675135,0.5842896345694416,0.32358398280462514,0.2646297918237036,0.41642320431529367,0.5081674087772897,0.6211912165902117,0.1672424826811001,0.38223539683538194,0.062356087649572525,0.33715636799145327,0.9999999999999998,0.45424886647125,0.23613215904618304,0.45624347534891413,0.17648782721397904,0.40135985981804,0.46030625507369366,0.2200856820187144,0.47277299402471423,0.2914780927527115,0.344330229878091,0.4274068241475649,0.4021440485321443,0.5022066845251546,0.33147759217963224,0.34020561377487935,0.41090919446080454,0.515447518167031,0.24937513320703136,0.37006146427644976,0.49252735576894086,0.45772161837491604,0.3754735297528332,0.35739500202742536,0.4044633844486405,0.506809918692989,0.5366847195337905,0.07767255586287,0.35481760648531974,0.23096439686360348,0.5965013754136047,0.39960989237241834,0.33254417807567876,0.42870490417168194,0.41080445136887156,0.5549195524083904,0.2918556578929472,0.18669079114459486,0.4013059025393494,0.03114432088269405,-0.024331810052367557,0.30129924621506654,0.4693063930648453,-0.04217287095791745,0.1484622899311962,0.21813536848126727,-0.048246023685930145,0.11978304519908224,0.2552002778954164
P39,0.14159523798867285,0.01389777264768942,0.11001321166296091,0.1820747695673855,0.32457163067222977,0.3778864796331167,0.4632175668406103,0.16609081504066886,0.20865369801293174,0.42177011891761873,0.10705823419999685,0.25465639967034853,0.17505810621275306,0.3119460360241085,0.1626755657235379,0.14654611115364122,0.3028052983214103,0.38772806478766303,0.2646086274967774,0.040434350267836996,0.3391908217522379,0.47329074798340115,0.03587388305311609,0.3275668044805151,0.14459018695467477,0.4183780248307258,0.18381903548315218,0.47640810605480993,0.2722921002622557,0.3060112838655202,0.3670444321369713,0.47937209818724896,0.3134835508800961,0.15452110389174914,0.44346119591396327,0.2503206325133661,0.23208048503994813,0.45424886647125,0.9999999999999999,0.27489478311094495,0.17851462195128168,0.10667470543281928,0.24801247692301973,0.2136080320290171,0.2802383836330166,0.17435696357508745,0.09710708554629156,0.23216378736097346,0.42282197684610495,0.41635065901769086,0.39977611547855263,0.25827621157270375,0.33371340335710215,0.13149891945247597,0.28329573238396627,0.0996006640405439,0.1505479525765499,0.15557611055742168,0.1520118476214138,0.43667154100468397,0.04623611814702134,0.44125012857127044,0.3862932653789127,0.28059246440999264,0.14131178142307976,0.43624722852999015,0.03678874545576188,0.2998868673421816,0.16046792172764868,0.18507395405332566,0.31609962615674997,0.11920756462756925,0.2576593079988197,0.28112547964895496,0.00983213476944538,0.31333985384411195,-0.08164508706625592,-0.07935454745575875,0.29626766575811553,0.37107225161776797,0.10841354946828391,0.1581698631234232,0.12935250129675968,0.11120191924065767,0.1402465163653384,0.24030609246918336
P40,0.2912017718498451,0.17050978506956513,-0.011608621619052604,0.12908109710842755,0.24601202952650422,0.2305663539195154,0.28154205511740815,0.21370331642878396,0.23345190408383915,0.1718539216039823,0.21330233811559085,0.12562589068058858,0.18022476230067963,0.04849155921012594,0.3047031970021708,0.25633765140312204,0.12845226894349324,0.2643663441346824,0.12850969398995146,0.016235653868548198,0.11222053308740967,0.21939659627559532,0.03078209146408332,0.17293681214298298,0.4500986030158493,0.24363205557152687,0.1844474227509671,0.23967540034768806,0.36069399785098744,0.40743392125006506,0.2547429112785191,0.3346276056924074,0.28668476747266164,0.2546323523613296,0.3754819161190588,0.03863471538934657,0.24926762713085937,0.23613215904618304,0.27489478311094495,0.9999999999999998,0.24734141759165496,0.27740632569846935,0.22121653239091668,0.14017713829762302,0.051412641151045865,0.22026322142689903,0.23734606140421516,0.24850054125804588,0.3378893998904955,0.13087720644614442,0.243245088531902,0.29016655255270485,0.07403539132694739,0.10043254468872707,0.31357472386610763,0.2561160618275447,0.34656608952729034,0.2802998831379044,0.20663106897002592,0.17148126834980887,0.246377181504569,0.32755591259510297,0.25769433029860545,0.22082029325962874,0.3348661407470254,0.33896081578527587,0.137612621796475,0.24442629517378847,0.1145813414753139,0.08406203099940981,0.04422569380271312,0.26866043583775157,0.1709677880708137,0.09445853688568745,0.19003749527187816,0.1802865813136086,0.3289147980666209,0.02495044069262523,0.13533624743080191,0.4331167793419178,-0.11440128235123935,0.3120246288346844,0.26585890997904565,0.04135955814829737,-0.11227196834203747,0.13085482764426892
P41,0.23061706143180766,0.4638658785099765,0.3330270265521105,0.2395866205504908,0.36711720399929737,0.11100725585294921,0.21283461252034033,0.44508408207429223,0.3150097678836431,0.29932149645664025,0.2028480411797385,0.17995268871083284,0.24155333497345535,0.1800918128439341,0.2384258132522885,0.3677228701351487,0.5212155037587715,0.37163440277791676,0.2665414652816033,0.4461376382384559,0.2114206655959891,0.1785592608599433,0.1751392614147426,0.401697086591366,0.39872625658545596,0.2850213890421587,0.3656765606246116,0.34121783787673865,0.15349102990459873,0.16411440163482438,0.43765158676437277,0.37216105007695705,0.30232530847391165,0.32345566812812837,0.2504595312658941,0.1158551767232929,0.4348911742826624,0.45624347534891413,0.17851462195128168,0.24734141759165496,1.0,0.1508697798299249,0.30723949919093674,0.3906898589858972,0.23923196321997112,0.2433395888363145,0.17725244768236453,0.3358825312923564,0.2614550823023908,0.11538495294035818,0.27491484770801167,0.32970640075021107,0.32750965136655735,0.20086460132381972,0.4318889865661674,0.25666432043454906,0.34862290800888807,0.3896750772930518,0.3973119858816862,0.1709992709325048,0.16857848115487592,0.24512836285735887,0.302248661645837,0.4805775015341248,0.168911514147356,0.055537064955678006,0.42321137998826425,0.3546140266544806,0.14090062974856152,0.26825176184497906,0.15729440866270628,0.37538775863223667,0.22990016614314412,-0.05486589361791658,0.38311641443784344,0.45303138066128046,0.27470204850013824,0.22412663656272916,0.22427214705083914,0.512877972401075,0.09155280714880282,0.18836218035771354,0.33097228737339546,0.04722669164116823,0.059047889140976424,0.39883343583920644
P42,0.32936009649915243,0.3817602497423641,0.10381786060044694,0.3102366257185533,0.18178804817386265,0.12017050091990099,0.14284402080703557,0.37492223207755226,0.15536129461133172,0.12367234545245451,0.1811428715734508,0.2815752651227503,0.11050103942832089,0.09592621490092837,0.28115074576894916,0.1603128325856842,0.11739184353774801,0.3900471768336174,0.1317525394734488,0.3532891890867676,0.1405695915632691,0.3953413681117066,0.2934540598438718,0.12565606566933202,0.4590589488043688,0.25212344813445225,0.08551624681101888,0.1953733314892799,0.3356049382312335,0.38817930721255844,0.4799619001488533,0.18516854790641563,0.24902293968523193,0.3466461071606362,0.31623276279419454,-0.0020057339976268574,0.12688995740279385,0.17648782721397904,0.10667470543281928,0.27740632569846935,0.1508697798299249,1.0,0.02986651382397561,0.17727147082725475,0.059565637141217286,0.2600567041856039,0.1453645918220363,0.2194250037922142,0.14469913275136442,0.05790205151291705,0.06376939629127922,0.18498669730023468,0.31243138942414195,0.18902278602153263,0.23261210551329406,0.14694517503030413,0.3588669134421023,0.18326114002733057,-0.020599018924669973,0.20313598593667925,0.15100542401703446,0.3476372272615002,0.09024794996647215,0.11846169048648612,0.10209355269701366,0.24445706639630863,0.23644138686432933,0.15853650467522964,0.1375660623678098,0.10199311084796765,0.06443412505462963,0.1099104000893689,0.15197254686246042,0.01671322939209982,0.29676307425068305,0.1657846479938251,0.29246309033922124,0.0751920712105586,0.20477307581353135,0.19686221806069198,-0.006655968502276209,0.09006488032643552,0.2564031899897864,0.335497482842138,0.08328455559931569,0.014272552572276501
P43,0.24111613486624817,0.299489171951918,0.38235591267595487,0.4207920854856791,0.48522659110770405,0.32116457975093227,0.5507258443448992,0.3099162516004549,0.24634314051220293,0.4702694695194604,0.08968923000601592,0.22970589147511974,0.4047553121498117,0.3352169376826208,0.40002222085773975,0.3940459085864612,0.2807341703325245,0.17912314774934798,0.5258843728486934,0.4153781230040949,-0.0466790360129998,0.17611588675590212,-0.06911213583943383,0.38464087441182665,0.3813303698593592,0.3784770736612923,0.419061810948686,0.5956924223771376,0.39441415638807376,0.26288422741715844,0.34218654216869787,0.46738109573807207,0.35700114984468206,0.18054080344357085,0.5424639238393527,0.1584300571418729,0.21851632184281305,0.40135985981804,0.24801247692301973,0.22121653239091668,0.30723949919093674,0.02986651382397561,1.0,0.4137357007648564,0.19983585248192892,0.3701613378819829,0.3287053032061109,0.4586976690676402,0.08732989595510433,0.3036848761870884,0.3808863847206715,0.30230038658771435,0.3222613309438526,0.3463746477259578,0.2789519914653632,0.34127939668556845,0.30446697425781744,0.2856682424519917,0.29397392845449893,0.4338347908307721,0.2730951302488817,0.3155429324199737,0.3890190485854319,0.5307861226576917,-0.04856748193125013,0.26303936591145904,0.5693249027326214,0.2910825062146336,0.34866314831840084,0.37980025244922844,0.20310680576114448,0.12566728356903314,0.4894395523274024,0.15472763305152443,0.216115230468401,0.4585910220672091,0.24324196447024066,0.2243504735809865,0.38414272969744717,0.29669452546875685,0.025998400066624794,0.31766863512008064,0.26456024519440496,0.03507988970025556,0.21047607778419916,0.09049097930044157
P44,0.34931714208190484,0.521625765794239,0.38482912888753507,0.24044150918418822,0.2917308440551774,0.12488291322079965,0.3664866803550543,0.5275596780797259,0.5015216704803668,0.5472170120313192,0.15385909311007667,0.5520295535220114,0.3858799329136657,0.23728073525823684,0.4199154336935173,0.32297653221607475,0.29898580678570413,0.328731061437582,0.358519622862383,0.5588989482448237,0.2352920883175631,0.19315020477104183,0.26842940795107767,0.2525527289171054,0.3959378627341537,0.38781239428847475,0.21266335212225904,0.5087994760061586,0.33337268131222875,0.1942495522469256,0.4349723268528102,0.513522657716021,0.5538674336966,0.30800331624030236,0.3679747520852111,0.2152237775556961,0.45314012422986083,0.46030625507369366,0.2136080320290171,0.14017713829762302,0.3906898589858972,0.17727147082725475,0.4137357007648564,0.9999999999999999,0.3926049145710873,0.4909840336152349,0.409644939469924,0.29291904019866294,0.4073188921785532,0.3601649710810358,0.28564541745169514,0.5090948954116117,0.34099552461895183,0.48126290897497814,0.4290369895694336,0.2193679006187421,0.40828248117774163,0.40398225570947227,0.4341837300461465,0.23632399927343162,0.4223094288944769,0.4500253071745037,0.4002921450907387,0.46449004685592554,0.04809583874618049,0.2651619210277833,0.35622027398434974,0.542250554194924,0.49528758627470676,0.4410338278251561,0.2699900645983777,0.32104993241563806,0.5224614922324384,0.05228677791490557,0.34514576084810655,0.473890157852107,0.3638186383688797,0.09348531105941521,0.3390112115111079,0.35150158205841925,-0.057235529440011604,0.05498651834697813,0.47777959974840545,0.17432712441370798,0.13101391149611546,0.2632358085098468
P45,0.15472614536130722,0.24805359251894796,0.1310546675969624,0.1833916689471993,0.2690588914777304,0.1056696353540829,0.3765845338594021,0.3506105993176326,0.14622175473118035,0.4149000477929457,0.21335122245458682,0.17279145547579164,0.09575142530081032,0.010253085294431225,0.16132506487465198,0.17272494185219392,0.19856367102799138,0.045178102118794645,0.09953606937962804,0.14695398549307553,0.10672287441159685,0.16176732831799648,-0.0341567809873063,0.20597631911376774,0.1852443790165378,0.22456198623764342,0.05529206210456636,0.1999903022083355,0.1160393897958652,0.07399903229048956,0.20233954153846082,0.1528945947159138,0.2028053794546351,0.18999160109882465,0.2945251613827542,0.2843469143816814,0.24332281145109583,0.2200856820187144,0.2802383836330166,0.051412641151045865,0.23923196321997112,0.059565637141217286,0.19983585248192892,0.3926049145710873,0.9999999999999998,0.25092773098678534,0.22066891358597807,0.05408009766266165,0.18258887947486496,0.05439635076953562,0.009772404019087745,0.16640058417068632,0.289376009259495,0.32149026237409917,0.10664385794604007,0.11730808598364176,0.2026183213408358,0.1674321655318215,0.2701099459563899,0.1762839314687349,0.3015439997353847,0.2375103037322478,0.36267422493374823,0.25573271577171125,0.21522691427186,0.0516282171726306,0.20174908225223598,0.33721122374976853,0.28700362856753797,0.3165373134394863,0.1574490209519189,0.05210242081183515,0.18913492053286324,-0.12088649416596946,0.18317082004710517,0.24502435644518447,0.09971118399421999,0.06292574118337206,0.2520435741500031,0.34805962398823925,-0.06742187188458278,-0.20245536931310934,0.3018561049258864,0.15972862293526013,-0.05617121195276925,0.2172209407208878
P46,0.4899974948257993,0.48091704188412143,0.28665620027760463,0.4531439011464347,0.2812741376487541,0.12304266586710637,0.3035184355573381,0.349185248105144,0.12520858031915624,0.4396046107697206,0.25556433279562407,0.42994398407031065,0.36606029448731847,0.10033483201800311,0.34773802496986334,0.5004892132845009,0.2899656427288564,0.16841979360065304,0.4022296655015875,0.46391045091972133,0.10248295651299223,0.19859823030338916,0.15045756343337768,0.22543802081550268,0.3630967570430281,0.42197175546035026,0.2858079644300774,0.4370026763203017,0.40864436470302057,0.4071560677653767,0.40451425194002455,0.4156777677025375,0.5652250576978018,0.305343288660633,0.3874253259276804,0.27147345667837985,0.2519963287995051,0.47277299402471423,0.17435696357508745,0.22026322142689903,0.2433395888363145,0.2600567041856039,0.3701613378819829,0.4909840336152349,0.25092773098678534,1.0,0.4012102442832417,0.32262842064186725,0.34412370356419736,0.09827511493469639,0.1864188944616098,0.5579316056525999,0.024298878586060335,0.47085591876990834,0.3486014759248295,0.05987925424585987,0.5544093239688966,0.3376200019162947,0.2625709844542876,0.47827980170162054,0.42957154527271524,0.4125489779503684,0.42640219159441084,0.4993882181976357,0.11755167412376483,0.17741645212284438,0.32000722537791193,0.4605085073786338,0.5147898510087197,0.5987172466939724,-0.0017199861870863776,0.4368525700064228,0.3312272202397425,0.1688886993532441,0.38753813811363874,0.45703692795274037,0.3945444302166145,0.3055390641705626,0.3520628487582371,0.3374365976552171,-0.24669215480823445,0.1225094671065362,0.45391546107696873,0.18045858653440297,0.06786265203181553,0.25824699582573835
P47,0.3166201920887326,0.453692994067724,0.18272158683560075,0.20946437855771377,0.20106552482945256,-0.0804650402479592,0.23067347407563424,0.35122858862124323,0.34851888492543104,0.3833208376990403,0.2828863356811999,0.15165173703328233,0.18856220091432643,0.18349265574158613,0.3177647807343487,0.2249602035593337,0.1982247946948633,0.03912527888313187,0.40146438461870104,0.17288330231024845,0.15032898149207377,0.12816208249509747,0.3163983026928833,0.08032273102852325,0.2501744646870907,0.18896321997962562,0.10043938784557446,0.1893244602695594,0.41162918678458466,0.3091356625755821,0.11941642875402224,0.3380711877681223,0.46963684756251123,0.23136633454733022,0.2787449203089523,0.04984542139622842,0.2023239960298895,0.2914780927527115,0.09710708554629156,0.23734606140421516,0.17725244768236453,0.1453645918220363,0.3287053032061109,0.409644939469924,0.22066891358597807,0.4012102442832417,0.9999999999999998,0.25973974080634815,0.15130827094020055,0.18193073865204326,0.1905970031802783,0.3359248395761732,0.08005673600988493,0.28096339245084034,0.20657831937216628,0.06921150918619877,0.45515951541842153,0.4396954779423447,0.3483836619123769,0.1590205816988158,0.525962961126443,0.31077311020040904,0.26596372795520223,0.2583039233256317,-0.03521313244198305,-0.038814485032868454,0.4384940741831557,0.22725053647769508,0.5215559060686492,0.45683054264761364,0.33604813644306347,0.0012054422245032512,0.44839846792156285,0.15911296748105955,0.16276194925161,0.1241735088344923,0.12297216989196014,0.11362672949659201,0.08022189198182561,0.17282308205368777,-0.11846896435838339,0.1454100013633778,0.3670686028097772,0.023404467221124242,-0.16941961994125188,0.20404939387245657
P48,0.30133537852903663,0.313834893021183,0.4016838365763053,0.3599236501940073,0.35409257712586856,0.3493707319842146,0.3263762069597471,0.30767888897139456,0.2611083715606931,0.4357360642573532,0.19818138410661587,0.16797640926155483,0.29089401289023625,0.3716594481008111,0.24953715448111047,0.2514470423751875,0.31846092627376615,0.2677397172766815,0.42813830212693643,0.4106390650603133,0.05860528085465972,0.21750761398597213,0.16501904143301546,0.35797664617026564,0.35136772932836396,0.5378692502567072,0.44510005688460635,0.3784152296972677,0.4005904674157056,0.47176280584007096,0.5568200913631878,0.4424116584807824,0.3692960663491986,0.21669577588959166,0.48638218508924747,0.2503542102404815,0.2965901798116095,0.344330229878091,0.23216378736097346,0.24850054125804588,0.3358825312923564,0.2194250037922142,0.4586976690676402,0.29291904019866294,0.05408009766266165,0.32262842064186725,0.25973974080634815,1.0,0.14033156887707093,0.29929342892199756,0.17978570748850747,0.3274433317450148,0.30945631178050764,0.20687294958088864,0.34287408410018794,0.18993665240274205,0.3795151173458758,0.18275522002401778,0.2175857705739306,0.4267959748522508,0.22222530608667954,0.374330866576125,0.4508034968610416,0.48679780239890635,0.24949074452903997,0.38520605351188986,0.43005645207656135,0.18618419946624976,0.20296243790128168,0.1726831336736898,0.1530940858533779,0.10470402795465492,0.42286084634360627,0.11657435428271679,0.354081665482022,0.4951100574444293,0.24965779625825987,0.1346610817732544,0.38139217515651563,0.21591245705866108,-0.05437899179148248,0.0626088098290802,0.20051471406745386,0.20374512183784005,0.02152075174501026,-0.0019958723702729895
P49,0.11598783131898932,0.26519184566454473,0.1676892114421324,0.13355115832803033,0.2858498987380764,0.24814951032191288,0.29486352087666146,0.18599814774074444,0.28897964648911634,0.27951502759118896,0.303999869494539,0.3417075755160685,0.4064272492667699,0.1766261304393314,-0.01772211429918027,0.31747492394483007,0.19812538247613218,0.33185590826049816,0.20338875509500512,0.26426058306686373,0.26413528512289525,0.3878361486796606,0.13200077366400614,0.28704984948028434,0.2206098243405936,0.27717498837573074,-0.013606480516145015,0.3490249525031756,0.2738868737253324,0.31362702842273027,0.3210657374477458,0.40387795941428617,0.3888484470604508,0.4306613323560293,0.28146310547017583,0.06675934174581127,0.2598810659589657,0.4274068241475649,0.42282197684610495,0.3378893998904955,0.2614550823023908,0.14469913275136442,0.08732989595510433,0.4073188921785532,0.18258887947486496,0.34412370356419736,0.15130827094020055,0.14033156887707093,0.9999999999999998,0.47728011356655325,0.26725458770809957,0.36647739622280506,0.2567358710050515,0.2053063745049771,0.3691065882755602,0.08134731651194155,0.2375274270601497,0.3889672784605966,0.3512190265815238,0.2575846488321364,0.22300415078434702,0.3244467816186252,0.4385342440034849,0.3057077958070153,0.12116682453248587,0.46052261905323627,-0.027867258204117052,0.4344720205142777,0.30822720053401775,0.22797452366492393,0.21690829305802767,0.43034292216318404,0.3523793264508929,0.3749998503976264,0.24529411961220163,0.15015501678260182,0.16844674211862176,0.0877356268099495,-0.04170583924696482,0.31082109385568985,0.0028542014257798907,0.03152351667358032,0.3117512728607126,0.06443643240110329,0.06602319789869598,0.40103704949954927
P50,0.07817337816547172,0.17094350583352536,0.29501351036200657,0.26098538422951456,0.3365869189941755,0.33143611460239153,0.4716812806007309,0.16260758447878992,0.42823438179681134,0.5376973082870304,0.3225291083896001,0.2742571371440738,0.16850492171155196,0.2398301673945214,0.042408203967884577,0.14215592862637416,0.27864888930288606,0.27391950107460933,0.261970408684723,0.1615822898400299,0.3175513902002,0.3598507644219243,0.11800452056745271,0.4143107898099763,0.30310903623369645,0.42058829549527854,0.2021296094475741,0.3711897031745137,0.3106722722421588,0.10934919500022705,0.1949041023574852,0.4770783031054298,0.2494110410181693,0.1954941331799396,0.49945234047621956,-0.07098114392607498,0.13254107661736378,0.4021440485321443,0.41635065901769086,0.13087720644614442,0.11538495294035818,0.05790205151291705,0.3036848761870884,0.3601649710810358,0.05439635076953562,0.09827511493469639,0.18193073865204326,0.29929342892199756,0.47728011356655325,1.0,0.41365735309609825,0.27508079022395593,0.31301082054540424,0.05487374393289042,0.3627015490567365,0.13335354770332758,0.18822500654274849,0.4329491171007514,0.3356279129346796,0.24458279033728123,0.3161856326782055,0.45479310960278185,0.3380896782699601,0.40294502729171067,0.06378765746988599,0.28249231507183686,0.12514818037496053,0.3690578180667401,0.35301716176035075,0.27948381397738936,0.33828218550370825,0.21868336382498588,0.6439761421274467,0.37484287577629943,0.10587364175000019,0.3309092429945973,0.17790000010039378,-0.052239720316914845,-0.012989754672545074,0.12299317565125287,0.07036684886926978,0.1327783071629928,0.11704822637541089,0.16625372850581357,0.1528421082057867,0.16605155151893855
P51,0.05635424278676653,0.02750582696770805,0.15506894496154866,0.43978777037534555,0.24411057097449287,0.4574222819976422,0.47690734097118903,0.1934090524376143,0.4285904034796635,0.36467303084760394,0.11793411124368011,0.23610112158481508,0.3371931552558497,0.2566699594877036,0.25224837391685756,0.3207368038249461,0.37541272519247765,0.4283527182385268,0.45678244130564233,0.19854104549447898,0.3293733937125335,0.2603482429692046,0.15198826501419502,0.34786315419268404,0.36281974392478483,0.22093086513953125,0.25411368602868606,0.49658856537247803,0.3603919975893234,0.018780982511275336,0.19397950533960792,0.5010087397347821,0.4811819578998468,0.06945474788072016,0.3536603317479935,0.14227383816100472,0.06597481621421711,0.5022066845251546,0.39977611547855263,0.243245088531902,0.27491484770801167,0.06376939629127922,0.3808863847206715,0.28564541745169514,0.009772404019087745,0.1864188944616098,0.1905970031802783,0.17978570748850747,0.26725458770809957,0.41365735309609825,1.0,0.26971281906346883,0.4410256709471406,0.26020431962552587,0.33160176306447575,0.2341456781175186,0.2550582270277082,0.41993489300231857,0.3781781844030084,0.32856380012495917,0.2507371990091696,0.42604710763737186,0.3618041712571031,0.43484756392507046,-0.09943826740140317,0.2976435745692257,0.24886085229649801,0.504074472980523,0.28572873515679154,0.11905431806268699,0.36990907067559853,0.100736615118568,0.3729974240857735,0.219263019541587,0.03167377364932692,0.4306821709345268,0.02026646503630004,-0.012046489669403785,0.24262550886784626,0.42480383646249475,-0.07128046281772897,0.19557531659232197,0.10900616061526769,-0.08665050916307579,0.1793800529965261,0.15853694660064802
P52,0.20943475136200163,0.2788238668060281,0.33436325018539165,0.33120303495907155,0.18843126615506617,0.21071876383656699,0.3076258621094675,0.4646683181394649,0.3064448051262361,0.36523751435669766,0.19261076673543268,0.3034626690956562,0.36389303798295175,0.2293043124811761,0.2814039189648257,0.40638939985088557,0.5004666556649576,0.23067792782161173,0.30650121831595395,0.30703856155307707,0.23708156108067394,0.2769078036595085,0.4541446762281118,0.27800407429037005,0.2809039066984293,0.32159756853718696,0.480426307055225,0.32624511247027027,0.4230311413721387,0.24112357778782895,0.3412825451502966,0.5440734600012407,0.43950952972375057,0.30588905847488784,0.29893317548283876,0.0967048940828246,0.44305365247054646,0.33147759217963224,0.25827621157270375,0.29016655255270485,0.32970640075021107,0.18498669730023468,0.30230038658771435,0.5090948954116117,0.16640058417068632,0.5579316056525999,0.3359248395761732,0.3274433317450148,0.36647739622280506,0.27508079022395593,0.26971281906346883,1.0,0.13828165574414525,0.2777638618500182,0.293758826280626,0.1567345622222388,0.4993822697829376,0.39568897877353154,0.20580210695101558,0.4405547488135102,0.43752152158223734,0.38383187731063884,0.4395966098928464,0.471273149238068,0.07676918270060684,0.21902774419314125,0.2858124001033313,0.4059163481424599,0.38667501362336004,0.4587698939094742,0.19008964562272615,0.4540264859791491,0.3783737324520445,0.18238931089468552,0.35139894330890975,0.5211750071318485,0.3606624414696915,0.1697191651611518,0.5318804683277067,0.3686190110394828,-0.05562336298344053,0.1712087579148969,0.5095875340620213,0.14544989826751425,0.164140155939154,0.3224110166826583
P53,0.06358152301922769,0.23857773940050914,0.2885821726689163,0.3420174782186632,0.3147668106576549,0.32234969683711046,0.3146605883906446,0.5082970893843562,0.4335323897711638,0.33815230164112564,0.2645268447365368,0.28448174640339596,0.30883638726229135,0.42791721845393454,0.14136696287353687,0.24298807312425205,0.4037695951063953,0.38937063140965666,0.4734169335380381,0.34342456161238255,0.05953081743239298,0.29343844492438464,0.021172000220849203,0.4753138049469012,0.31677590596641486,0.21914144473259475,0.25708628030716674,0.506177518403609,0.24914111268533953,0.17628509712524232,0.4487158927129743,0.456753407285878,0.373949542996643,0.13099223172446203,0.3567076865490112,0.32587859123172586,0.22341413816658096,0.34020561377487935,0.33371340335710215,0.07403539132694739,0.32750965136655735,0.31243138942414195,0.3222613309438526,0.34099552461895183,0.289376009259495,0.024298878586060335,0.08005673600988493,0.30945631178050764,0.2567358710050515,0.31301082054540424,0.4410256709471406,0.13828165574414525,1.0,0.3231921159019371,0.42918285274297713,0.17925497609007823,0.34502830581053084,0.24505152961986007,0.3240369450359559,0.1634072730577968,0.17715572359190665,0.42299439497308033,0.3102076776452601,0.31199520741979003,0.1390360837591603,0.2687204702561094,0.24761348916460135,0.38176668658972096,0.24127728303465432,0.03592219992513973,0.3077325897999478,-0.03964566758918332,0.3486161493605064,-0.019614777895676328,0.18448268248582175,0.45858072271837585,0.2184502455672002,-0.029645143387299285,0.36807207142370163,0.37182318320635915,-0.00015033869436149828,-0.07464816130534921,0.2035845079248382,0.16449619959378176,0.033184356971898844,0.25597917632495093
P54,0.3285953856604094,0.2832473191789549,0.2703823242404819,0.49847000026831745,0.2512558695406696,0.18616883448398505,0.24847919582304717,0.532058783892401,0.271825407721855,0.3374920047948371,0.1936599990194529,0.4959999863417768,0.3022702352891689,0.4013791925658425,0.12193151605722537,0.33517304381566415,0.36783932322413593,0.2851454509145305,0.4877998506748889,0.4353278322638556,0.07856203150655389,0.14990330233709792,0.21865950329760253,0.31977146608344204,0.3814685665154674,0.21616109244138212,0.21779720518634757,0.4459088908624492,0.239391000562215,0.21119241735497038,0.22891370175472886,0.41923920961104494,0.652444677195832,0.12227368659374943,0.1577908707938591,0.25862421817967385,0.2982097919772929,0.41090919446080454,0.13149891945247597,0.10043254468872707,0.20086460132381972,0.18902278602153263,0.3463746477259578,0.48126290897497814,0.32149026237409917,0.47085591876990834,0.28096339245084034,0.20687294958088864,0.2053063745049771,0.05487374393289042,0.26020431962552587,0.2777638618500182,0.3231921159019371,1.0,0.34427681736163934,0.30406962437375523,0.24501922863490352,0.2809168982358444,0.5780798005040745,0.207244744592412,0.3934202133838953,0.2635815755714379,0.44385601174851463,0.35470110535831895,0.05588308010764256,0.24671752086545887,0.2757409596162667,0.4303504678121561,0.4165086346760212,0.2996680566851779,0.31682829762006015,0.14141481010805118,0.23800424330187955,0.10545403557854804,0.2258076173792408,0.4103265884102766,0.23122156014436115,0.04711810890535803,0.49215273481573896,0.4059235397170794,0.13988139952628142,0.015232731773859524,0.4186038120648198,-0.12207627882428071,0.1666425659829003,0.3933011874190525
P55,0.32663947283795375,0.40163961545116306,0.22664850452057897,0.3807995464227757,0.37793965299912086,0.0845778591916083,0.38145599820412773,0.3052563548872818,0.5058231184377373,0.44761942210235955,0.4021455193775426,0.4089254608612016,0.3038878736046459,0.18549899790774524,0.3127736483332741,0.13595818650392805,0.3478668948835134,0.25998526028995217,0.325953160520957,0.3855767254999182,0.13376683076765053,0.15139003715524674,-0.11652477918779808,0.3714282854243299,0.3786437791295645,0.2765047971125574,0.22561175367041714,0.5254306959379005,0.38493779296037395,0.07522304034441836,0.42000183953447695,0.42690101078459497,0.39834559678562675,-0.05538711643965377,0.40286460744905694,0.13936937104069239,0.4220880117504036,0.515447518167031,0.28329573238396627,0.31357472386610763,0.4318889865661674,0.23261210551329406,0.2789519914653632,0.4290369895694336,0.10664385794604007,0.3486014759248295,0.20657831937216628,0.34287408410018794,0.3691065882755602,0.3627015490567365,0.33160176306447575,0.293758826280626,0.42918285274297713,0.34427681736163934,1.0,0.1485073917825905,0.45832482451106316,0.3965580948910669,0.4205519494574735,0.11750479226495422,0.3313295472173829,0.5308044550126043,0.37093370465421294,0.4433738268255008,0.24209108032269186,0.21515604973250535,0.28238641575331713,0.5823346012661526,0.2487089638584389,0.2723384581382701,0.20904413587715864,0.3005801323468452,0.43397444399249285,0.01865505004656357,0.07907416115548806,0.44304139126208014,0.32776158345453443,0.0520709726580246,0.2220383328818476,0.29432976588698984,0.045936472201214135,-0.0373942577640891,0.19343947328964248,0.21356313599183596,0.009149163212574774,0.21159840141367778
P56,0.04446190562693242,0.1289114902836137,0.40967524439018804,0.2220030110151223,0.13572217616797422,0.10807300549137148,0.27692700598343156,0.4564222145955942,0.21024522425876524,0.1664825574563891,0.23797317881517943,0.11607500016853217,0.1917804503643855,0.35945750517896025,0.20346287878928715,0.1035799312849154,0.1447939676438234,0.14962052512117113,0.2595932954154223,0.33376208699739,0.04250462083356172,0.05698716357154673,0.13943226523761934,0.3619158577980183,0.33253711539434566,0.13920431468886074,0.3089494516353238,0.3828958510401036,-0.0260725933392349,0.23349928820359375,0.1856378495751405,0.11156974298269802,0.23929402321790713,0.19731728045481894,0.1025400503432125,0.000396614776068064,0.28246903313935656,0.24937513320703136,0.0996006640405439,0.2561160618275447,0.25666432043454906,0.14694517503030413,0.34127939668556845,0.2193679006187421,0.11730808598364176,0.05987925424585987,0.06921150918619877,0.18993665240274205,0.08134731651194155,0.13335354770332758,0.2341456781175186,0.1567345622222388,0.17925497609007823,0.30406962437375523,0.1485073917825905,1.0,0.0623767840051312,0.15946143309803523,0.28542054145463575,0.02320850751789756,0.3805574308382592,-0.02173503757695059,0.1667147110856327,0.2749792288083567,-0.13115758140145006,0.23288078975348164,0.31195373237483337,0.3580608055103592,0.21584390757166302,0.08375628854941791,0.18718992383105568,0.06956184653664961,0.31786423538242714,0.017492505552520125,0.30203635040850957,0.16694283475286018,0.22286837877190122,0.059943250819653376,0.20508298152403662,0.26262832870607195,-0.026846469315957175,0.27271190416047614,0.066831143548906,-0.08660434893480272,-0.0785025751123439,0.031866166160656996
P57,0.4205234176119401,0.42367940694682554,0.2359704838315395,0.38420037609447133,0.37139865245653575,0.08150748652682613,0.2074573265590257,0.4975481528592558,0.42453345800076886,0.4631142354705169,0.5216896647549022,0.2997392878349174,0.22519672156638806,-0.01820841967549984,0.5479541588344696,0.47689257546931774,0.2997374918083029,0.17582407848046575,0.5256930899368375,0.3643304379945053,0.05578407905076069,0.22012635053348878,0.2274793459932849,0.10533090151631828,0.4777539354735241,0.43911202681980566,0.2520770915214594,0.37851460129586706,0.5839963494875324,0.4216953741684467,0.39104120611003873,0.5113086582703741,0.42600726814468187,0.08640253611140301,0.35185193881657534,0.20881951847957234,0.2227760282492981,0.37006146427644976,0.1505479525765499,0.34656608952729034,0.34862290800888807,0.3588669134421023,0.30446697425781744,0.40828248117774163,0.2026183213408358,0.5544093239688966,0.45515951541842153,0.3795151173458758,0.2375274270601497,0.18822500654274849,0.2550582270277082,0.4993822697829376,0.34502830581053084,0.24501922863490352,0.45832482451106316,0.0623767840051312,1.0,0.5156014042621144,0.16753519151980448,0.2668427474834436,0.5025265518299821,0.5625241388341625,0.2397686402374793,0.5563828649121787,0.40014174686438025,-0.054580467797799445,0.22589880392565492,0.43281532192463995,0.49278024402488557,0.3975304652882821,0.15874269553947676,0.33518556846843606,0.47987280743185945,-0.1474330712128833,0.32248241827383206,0.41459814909799614,0.3373803505844431,0.18063726765887791,0.20883335193849747,0.2822585998924711,-0.14621591501097125,0.04958530100553895,0.4656295989787202,0.2923668960445172,-0.04783832334890499,0.1161174580468055
P58,0.3808313112290526,0.37584895193352724,0.2535813434924906,0.4221644598726398,0.41532935891988726,0.20942706089765267,0.32482407254593626,0.36206960582997616,0.3559264199293406,0.4480766886182391,0.26980573074263964,0.23915908741185096,0.24688726834179128,0.10793606169539426,0.2905417564887135,0.4462629680036498,0.36637896463669384,0.23704292149510106,0.4999005794012047,0.3335341171581388,0.19548260024327646,0.31866098038853363,0.37531803128132646,0.39438933496822154,0.3953764138732746,0.33856098646910676,0.01620255970057312,0.38717747429643423,0.4526632341218189,0.1968610797734751,0.11947221895961824,0.593945676786728,0.38612632059690233,0.18024812486207123,0.2766543848349576,-0.017443604433310708,0.17082455816947778,0.49252735576894086,0.15557611055742168,0.2802998831379044,0.3896750772930518,0.18326114002733057,0.2856682424519917,0.40398225570947227,0.1674321655318215,0.3376200019162947,0.4396954779423447,0.18275522002401778,0.3889672784605966,0.4329491171007514,0.41993489300231857,0.39568897877353154,0.24505152961986007,0.2809168982358444,0.3965580948910669,0.15946143309803523,0.5156014042621144,1.0,0.39424022309355233,0.2782308125460509,0.3800273363246174,0.3661550370135143,0.360135443923036,0.4392694303454487,0.0656170268268426,0.10568916261810718,0.2529251682988931,0.5208019931980716,0.5839595435226669,0.39568151752198916,0.22269621978890192,0.2929862906514582,0.4813603027305739,0.2059873248845667,0.26373289679602485,0.36873372410018806,0.21755289793023205,0.0822048676552649,0.0647309364051717,0.26383242274499313,0.07646539652115189,-0.07826381256613824,0.32406585372342017,0.0006668282027366384,0.1175913433388893,0.266201773680927
P59,0.31327228493440984,0.47458604816598043,0.3522412936760185,0.39691625950620174,0.3033426541155894,0.15290297488998422,0.37524219456878705,0.5533369974978561,0.25628634854455334,0.447538348196049,0.26785019442256724,0.34419199379784027,0.2945689140871911,0.45875016633038085,-0.005747843119069617,0.2476913939993219,0.5159927068668231,0.16804677151997405,0.397006377917964,0.4630186070413864,0.24783277778617108,0.10125577267236459,0.22082700380219852,0.40256611860826563,0.42051173946564074,0.2004757742973762,0.256002826021967,0.4042531764798044,0.13915640618851158,0.07096414696782767,0.20969082058195465,0.425647297536008,0.5969685470522567,0.3014768377149797,0.3519856359527946,-0.0015006043498864276,0.32197205003332,0.45772161837491604,0.1520118476214138,0.20663106897002592,0.3973119858816862,-0.020599018924669973,0.29397392845449893,0.4341837300461465,0.2701099459563899,0.2625709844542876,0.3483836619123769,0.2175857705739306,0.3512190265815238,0.3356279129346796,0.3781781844030084,0.20580210695101558,0.3240369450359559,0.5780798005040745,0.4205519494574735,0.28542054145463575,0.16753519151980448,0.39424022309355233,1.0,0.043774491125924506,0.33342772887264566,0.2312190380497907,0.43360106954802446,0.43405636628031036,-0.08726809438642236,0.21289291119608328,0.2726927903794616,0.5416307571525564,0.46086247664312946,0.33187540312799146,0.45199506808722734,0.1251532454438044,0.501364129370468,0.11502395977259627,0.2819037945119691,0.34323685603528226,0.3346519497034448,0.01981481125278288,0.19011598530754834,0.4408447796268793,-0.0935595181592804,0.11154855130142435,0.3623086097842116,-0.03746515469069859,-0.008134344979115813,0.3696258606425866
P60,0.2302751600565135,0.007702757329621078,0.14458041431449206,0.4647009615492515,0.4879230133006849,0.3026656427294576,0.39276354665054075,0.07049383617726557,0.09693009839249529,0.38376012916577507,0.07798694242744052,0.3742650569242012,0.318888370041208,0.2701467412008008,0.14239168681137873,0.42543033404360187,0.3003844053390032,0.23073710510697804,0.38094622732747835,0.1806052639839297,0.17368458579677273,0.4084858844850116,0.109981345487314,0.18374807127074602,0.11710649258179406,0.32207042843739087,0.38059375925801514,0.4503946589928196,0.35381870759088735,0.34785546782644927,0.36045651241824606,0.5088955661422537,0.3602965686110432,0.31492903585679516,0.4867505692046278,0.23291124753680414,-0.014594985293349167,0.3754735297528332,0.43667154100468397,0.17148126834980887,0.1709992709325048,0.20313598593667925,0.4338347908307721,0.23632399927343162,0.1762839314687349,0.47827980170162054,0.1590205816988158,0.4267959748522508,0.2575846488321364,0.24458279033728123,0.32856380012495917,0.4405547488135102,0.1634072730577968,0.207244744592412,0.11750479226495422,0.02320850751789756,0.2668427474834436,0.2782308125460509,0.043774491125924506,1.0,0.18353286815878095,0.4517419840543809,0.5299550490872594,0.4382542454081549,0.025850396218800458,0.5354399288689324,0.2366679416373596,0.20517560885038386,0.23585084803497822,0.3589604740641092,-0.054625977268297904,0.12262505455770167,0.22815777852505975,0.36788115691958884,0.18505533190228507,0.3431409850114089,0.255074995907276,0.24525885893380076,0.4490595577468165,0.24187452201191975,0.047152007243773816,0.07048804911096831,0.10950671406554845,-0.06346744560112699,0.340750474023928,0.022637322844878405
P61,0.2651797083068087,0.2824675831878962,0.3589864585125582,0.2544849317220634,0.08146847331413426,0.0327254430972547,0.23988247755900097,0.45535478105205573,0.4378231719696932,0.33258438953825775,0.3458993460155907,0.35805702423231545,0.18660203582640783,0.2388163458053327,0.31243967875257234,0.18871616245258593,0.20233517120576913,0.033283356360512516,0.284955857751924,0.3462556358229935,0.014331402698983727,0.25456981149313285,0.26415021865487376,0.03680103560152108,0.2859129378775248,0.20897357379476664,0.15595010057462322,0.30713298959377083,0.35088727811888376,0.1608908518358851,0.06202174327239476,0.31802996480898654,0.5149859112825047,0.2118400339519169,0.17385459367031278,0.14937707687254217,0.2749432693899946,0.35739500202742536,0.04623611814702134,0.246377181504569,0.16857848115487592,0.15100542401703446,0.2730951302488817,0.4223094288944769,0.3015439997353847,0.42957154527271524,0.525962961126443,0.22222530608667954,0.22300415078434702,0.3161856326782055,0.2507371990091696,0.43752152158223734,0.17715572359190665,0.3934202133838953,0.3313295472173829,0.3805574308382592,0.5025265518299821,0.3800273363246174,0.33342772887264566,0.18353286815878095,0.9999999999999999,0.34909920146999296,0.3568945560175498,0.2928578870174309,0.0006269965862092476,-0.021290985256541637,0.20624564800463724,0.5316124904394042,0.4869315417053607,0.37215525949800377,0.31673360830621705,0.22932829665034712,0.4810742643032183,0.15881801890032096,0.29919884851969203,0.34976454582965905,0.1800031367272145,0.11688422647915425,0.0617210363694506,0.2055124806805737,-0.07300688825953,0.16201715836573535,0.34618549240268165,0.077539895133563,-0.03408163506045416,0.1504457954893086
P62,0.22060412641954383,0.3225120218522219,0.023109309220794565,0.3941408593003749,0.569991560005368,0.27213931025625954,0.29295864350208894,0.2738990255351533,0.5129043733459671,0.43910881049983735,0.3469482537433172,0.3109603450666843,0.3061743938678563,0.03819048937872306,0.33220349890917594,0.26071731019941996,0.2723905817443206,0.35953102571601525,0.42411517087443973,0.2279369948067307,0.1537751031007864,0.37116149073321236,0.09073521802598604,0.25280126025651356,0.44646879314878957,0.41154088323971705,0.18188665138840052,0.44207054157103026,0.6340447170068205,0.2957882405404871,0.3770156204542897,0.5369283052530173,0.5451955404253703,0.08788020845335347,0.5093679957120797,0.32836646002334197,0.13495177031532313,0.4044633844486405,0.44125012857127044,0.32755591259510297,0.24512836285735887,0.3476372272615002,0.3155429324199737,0.4500253071745037,0.2375103037322478,0.4125489779503684,0.31077311020040904,0.374330866576125,0.3244467816186252,0.45479310960278185,0.42604710763737186,0.38383187731063884,0.42299439497308033,0.2635815755714379,0.5308044550126043,-0.02173503757695059,0.5625241388341625,0.3661550370135143,0.2312190380497907,0.4517419840543809,0.34909920146999296,1.0,0.45367844085019277,0.4054850358982077,0.24272525212205645,0.2971419328107858,0.20652454440394907,0.39963792834742956,0.23597165859837085,0.36658344072940435,0.1373305240009761,0.29227223006547687,0.38079686563058646,0.1734483201111296,0.20902035905174893,0.5253922898336936,0.2595299074838704,0.1709548623482044,0.28574272408590967,0.3500102822274535,0.14857003017317041,0.0968179236246639,0.13527689338748622,0.22942030669256336,0.059271961174729756,0.030421489271956165
P63,0.22358055004793062,0.31566139042748664,0.3961627724250471,0.36717632272942713,0.3825998796756342,0.5164451908464952,0.4456780264362434,0.326424941782759,0.2755202758986547,0.30238554115841637,0.0893649209299803,0.4537328406796674,0.4438555611860177,0.2982775068525663,0.09390888293100721,0.3624349278977993,0.49000343851038664,0.32412821273220205,0.4079570139645033,0.2976986407033597,0.1639319109315152,0.3971238606365021,0.2397248212962015,0.4624399996273584,0.23084765033416896,0.3074028480549398,0.27736666080195743,0.5682135201516733,0.4428547475155488,0.27440969223941314,0.2762515593016831,0.5530714308259885,0.5187245079018377,0.16417669620708955,0.31868971163573534,0.3853249078508587,0.36712280904615946,0.506809918692989,0.3862932653789127,0.25769433029860545,0.302248661645837,0.09024794996647215,0.3890190485854319,0.4002921450907387,0.36267422493374823,0.42640219159441084,0.26596372795520223,0.4508034968610416,0.4385342440034849,0.3380896782699601,0.3618041712571031,0.4395966098928464,0.3102076776452601,0.44385601174851463,0.37093370465421294,0.1667147110856327,0.2397686402374793,0.360135443923036,0.43360106954802446,0.5299550490872594,0.3568945560175498,0.45367844085019277,1.0,0.3959903812633215,0.13362358359628312,0.5351500627058692,0.3130218287953452,0.5708579233698616,0.41578808277770346,0.33185613489067806,0.08537499091366786,0.2384902418927369,0.3058987581269866,0.22442719466130245,0.2624492893302427,0.5006292613571244,0.1621774722846164,0.031117036729374447,0.4871166829202176,0.49438304929251425,0.08025012697494031,0.01509930650143842,0.35557395760495836,-0.02243291549134947,0.1492486544508281,0.31841042209467435
P64,0.37829224032276787,0.29305736473427935,0.32667000957246506,0.6522665840439185,0.5474477240785044,0.314276132907669,0.4888518644562946,0.36801538259824024,0.26898258231867894,0.5790275638453305,0.40663451838786085,0.4114541571870729,0.38199939354040807,0.17576653378440457,0.2963967328958929,0.5257399496948895,0.45562978524225656,0.28388407574422075,0.5297543978231242,0.5109301658494796,0.1483490959192253,0.3094674826789451,0.086120621255903,0.4012657380637314,0.43452599531662095,0.5087272362966602,0.40509131871596077,0.5186593021783801,0.4268273553951709,0.3371475379551101,0.49914749536714387,0.4370726600692727,0.49502359649530486,0.18997538494072097,0.48307074220657364,0.0763752932588995,0.31423771159542363,0.5366847195337905,0.28059246440999264,0.22082029325962874,0.4805775015341248,0.11846169048648612,0.5307861226576917,0.46449004685592554,0.25573271577171125,0.4993882181976357,0.2583039233256317,0.48679780239890635,0.3057077958070153,0.40294502729171067,0.43484756392507046,0.471273149238068,0.31199520741979003,0.35470110535831895,0.4433738268255008,0.2749792288083567,0.5563828649121787,0.4392694303454487,0.43405636628031036,0.4382542454081549,0.2928578870174309,0.4054850358982077,0.3959903812633215,1.0,0.17973740882489325,0.2964135306389004,0.4194403136481412,0.4009455522948894,0.36943593157106175,0.3498991904686642,0.2513646975599309,0.383575051886578,0.5306044350404356,0.10140352388949504,0.288009193689929,0.4355178241711387,0.3535428250361969,0.32292089745987224,0.39098535742612045,0.29541817158288997,0.011448574263993334,0.06812062810507104,0.4158035870326186,0.10646509516460374,0.17319418375449971,0.21923061886046108
P65,0.2663601403165945,-0.021817692021052403,-0.057717363699524946,0.04853768712611624,0.19612042620828515,0.15020455739732902,0.018978277244473468,0.02998632550475627,0.16315285559189757,0.06114564151410882,0.2909323660292743,0.13038864305648584,-0.05258954746471761,-0.14892139152069647,0.24401721852227098,0.29705042616260213,0.17842184214828483,0.27993908433628545,0.14625812420754236,-0.08378759667880945,0.0169841924847839,0.19693516822450466,-0.08309021759793374,0.04714578203755695,0.10187092880553916,0.19906137794983197,0.042082305199184884,0.0017841297424314687,0.26654138917614945,0.332452888121271,0.2991967941258404,0.2214964663529808,0.11392569605689987,-0.09182182288688927,0.006742772915680702,0.2452931004035069,0.2075296808096793,0.07767255586287,0.14131178142307976,0.3348661407470254,0.168911514147356,0.10209355269701366,-0.04856748193125013,0.04809583874618049,0.21522691427186,0.11755167412376483,-0.03521313244198305,0.24949074452903997,0.12116682453248587,0.06378765746988599,-0.09943826740140317,0.07676918270060684,0.1390360837591603,0.05588308010764256,0.24209108032269186,-0.13115758140145006,0.40014174686438025,0.0656170268268426,-0.08726809438642236,0.025850396218800458,0.0006269965862092476,0.24272525212205645,0.13362358359628312,0.17973740882489325,1.0,-0.014122553520387264,0.019643308404906485,0.04247823878101758,0.09728844989643706,0.04495439203820046,-0.1754090445455659,0.19408489394432063,-0.07707029298689556,0.0205979335534085,0.06424687070165896,0.20334235193157,0.18874404456762733,0.022136525460807892,0.09836722210628199,0.14695808419291956,0.06680953966032435,-0.07169950098100371,0.1587575934747949,0.19177832087020277,0.05081000812034092,0.14684155272010124
P66,0.016917930578401456,0.16282390699224672,0.19220418581058452,0.19741225591850156,0.3208393991459105,0.4166627210330758,0.45026965453646234,0.04949277868399997,0.09389396668394298,0.2587482761457133,0.023613653606383164,0.3415139918287701,0.4850417548521937,0.38534218910745177,-0.015155244839028114,0.20044177531819335,0.1787553972204718,0.262112264562111,0.15910259277050065,0.26615071793105227,0.1975450228976558,0.24604045782222952,0.046781287753802143,0.34137891540649284,0.16381698010085802,0.1729392434900809,0.2060281053310038,0.4813264168430104,0.12558632732655964,0.3233913680686762,0.41299451574316925,0.32154189108233583,0.3411620041702546,0.33659105004840284,0.39806722932239236,0.08350424993034318,0.22208120196611328,0.35481760648531974,0.43624722852999015,0.33896081578527587,0.055537064955678006,0.24445706639630863,0.26303936591145904,0.2651619210277833,0.0516282171726306,0.17741645212284438,-0.038814485032868454,0.38520605351188986,0.46052261905323627,0.28249231507183686,0.2976435745692257,0.21902774419314125,0.2687204702561094,0.24671752086545887,0.21515604973250535,0.23288078975348164,-0.054580467797799445,0.10568916261810718,0.21289291119608328,0.5354399288689324,-0.021290985256541637,0.2971419328107858,0.5351500627058692,0.2964135306389004,-0.014122553520387264,0.9999999999999999,0.16360954758615948,0.23006309399926317,0.10993995709777146,0.07012305139903267,0.06489130939714917,0.20249308292138057,0.22751232551461925,0.3103683752737832,0.06250305240348805,0.1136991026161294,0.22556331115212894,0.20958414699914255,0.3669016044857093,0.3643245453348899,0.049632603235589275,0.09281397597838101,-0.00011812713075127321,-0.06443305844420859,0.138902212451729,0.10220756115506338
P67,0.30766362670981984,0.36308202499886627,0.23372931194138755,0.37220282173141594,0.4138628737899675,0.3213200868595358,0.35005246424504516,0.30793359121735037,0.1289294324266924,0.3902960008811416,0.30149541408790526,0.1751040735750686,0.21618250055982619,0.14936453032700336,0.3576732818976277,0.3796542735166183,0.44017294026045806,0.21201210665026338,0.40791289892174365,0.3864897990055828,0.00517105939276268,0.031533886214178256,0.17481120059008487,0.3985982117577454,0.3374803714597976,0.15794674038406706,0.3629970356460032,0.31734137629326536,0.3376721914518385,0.14840635923948325,0.4714304576265853,0.25877777519698514,0.29657072566297554,0.14882552453780198,0.36937309608775193,0.24716517392003706,0.2734023564023917,0.23096439686360348,0.03678874545576188,0.137612621796475,0.42321137998826425,0.23644138686432933,0.5693249027326214,0.35622027398434974,0.20174908225223598,0.32000722537791193,0.4384940741831557,0.43005645207656135,-0.027867258204117052,0.12514818037496053,0.24886085229649801,0.2858124001033313,0.24761348916460135,0.2757409596162667,0.28238641575331713,0.31195373237483337,0.22589880392565492,0.2529251682988931,0.2726927903794616,0.2366679416373596,0.20624564800463724,0.20652454440394907,0.3130218287953452,0.4194403136481412,0.019643308404906485,0.16360954758615948,1.0,0.18535721785319778,0.24702329175889662,0.23800459457614737,-0.018002919230792884,0.10826499547078745,0.2864128541722727,0.1215717276861721,0.3512216527796834,0.3379006959709352,0.31421873566160746,0.11782326476871584,0.33661232696554505,0.26444479185796305,0.016454447199964767,0.04831651667296629,0.20546850090854496,0.042275168773350774,0.17673191576631822,0.2371912018676015
P68,0.3231529001459384,0.4239843534006321,0.396877416235756,0.3563683086009419,0.14568636132989618,0.28034565033091546,0.40760812583915834,0.4921733219208781,0.42136698138115153,0.3996972093142397,0.2181546025538324,0.3806291800617371,0.3173250126205337,0.2502884954220255,0.2765194795949109,0.3076135559855364,0.40370510298023604,0.3219483723142679,0.4104349333273462,0.4265973317298502,0.13132811952854562,0.2353420838999866,0.13692199428066096,0.3801187279149677,0.4100962197463437,0.17435693649281986,0.1951830318262145,0.6416336809198552,0.32492928057580217,0.10311828308852876,0.24643016624207736,0.5492066822582248,0.5590056549528775,0.13761740065824737,0.36689656813429194,0.24090391451811843,0.4542937675115694,0.5965013754136047,0.2998868673421816,0.24442629517378847,0.3546140266544806,0.15853650467522964,0.2910825062146336,0.542250554194924,0.33721122374976853,0.4605085073786338,0.22725053647769508,0.18618419946624976,0.4344720205142777,0.3690578180667401,0.504074472980523,0.4059163481424599,0.38176668658972096,0.4303504678121561,0.5823346012661526,0.3580608055103592,0.43281532192463995,0.5208019931980716,0.5416307571525564,0.20517560885038386,0.5316124904394042,0.39963792834742956,0.5708579233698616,0.4009455522948894,0.04247823878101758,0.23006309399926317,0.18535721785319778,1.0,0.4988961566047007,0.3000301900101103,0.27026468890632716,0.33559240065175167,0.48642965143229283,0.0910883512145864,0.360767204793763,0.5674382119749888,0.2624743482247204,0.013956084739497282,0.2664132221787383,0.49555059014432723,-0.0974377515566077,-0.04641879829543642,0.31481980639679624,0.004419918104626538,0.0493994696061593,0.30630041610950715
P69,0.3501648651889582,0.39369727234873536,0.4199259425439202,0.31936215267402057,0.18002237780559197,0.17288855663976233,0.4758806851117478,0.45381812945301603,0.313823299586538,0.46941527849498116,0.25777282826772213,0.3480020284120879,0.19253038802976158,0.29814088638341146,0.4086050824127798,0.4127455552805919,0.3113240004943478,0.16477013648992928,0.48339298950365756,0.46731328056286503,0.044559247030501785,0.2216479918791354,0.4061712744758498,0.29666696682098054,0.38874332547041796,0.33189722166313307,0.17153765427618592,0.45663011311841767,0.4387608596577568,0.3254525774012219,0.1352145507760261,0.5523875812895265,0.45106524074164006,0.2114051769138538,0.2724703657504499,0.09224749547475601,0.20135395659326116,0.39960989237241834,0.16046792172764868,0.1145813414753139,0.14090062974856152,0.1375660623678098,0.34866314831840084,0.49528758627470676,0.28700362856753797,0.5147898510087197,0.5215559060686492,0.20296243790128168,0.30822720053401775,0.35301716176035075,0.28572873515679154,0.38667501362336004,0.24127728303465432,0.4165086346760212,0.2487089638584389,0.21584390757166302,0.49278024402488557,0.5839595435226669,0.46086247664312946,0.23585084803497822,0.4869315417053607,0.23597165859837085,0.41578808277770346,0.36943593157106175,0.09728844989643706,0.10993995709777146,0.24702329175889662,0.4988961566047007,1.0,0.5169829732294886,0.22305771462577725,0.13081128771655096,0.593557781291925,0.06433767260385086,0.2107775557254297,0.29904809480105693,0.24217476010604183,0.04324119264019108,0.16357500159277724,0.2331651536669938,-0.11892050040419219,0.06680185994019489,0.3303565934076939,-0.005920162167303161,-0.020509301749667065,0.1536305999444575
P70,0.33442711889664056,0.47178565184335414,0.3385624134532005,0.22403712620018867,0.4198806283394631,-0.008054485103293275,0.36597124506905,0.264646046018801,0.3318331606388402,0.4819435459022204,0.19049009810584702,0.37314252813713833,0.24823124740303162,0.10926042448365918,0.20656438218301082,0.14248868965159026,0.41214276862457494,0.08171072732768703,0.25318334953323113,0.4087442016713089,0.24947064268273364,0.1314917024508622,0.2398587813862287,0.29431976843245056,0.2725496033776391,0.3936965771056034,0.38139860438991463,0.3122811311435322,0.2868917078209466,0.19772038077642293,0.2385304152080976,0.4816351888242598,0.38881934750961894,0.29632199648840846,0.32325710179716194,-0.07062893092559493,0.361730394777692,0.33254417807567876,0.18507395405332566,0.08406203099940981,0.26825176184497906,0.10199311084796765,0.37980025244922844,0.4410338278251561,0.3165373134394863,0.5987172466939724,0.45683054264761364,0.1726831336736898,0.22797452366492393,0.27948381397738936,0.11905431806268699,0.4587698939094742,0.03592219992513973,0.2996680566851779,0.2723384581382701,0.08375628854941791,0.3975304652882821,0.39568151752198916,0.33187540312799146,0.3589604740641092,0.37215525949800377,0.36658344072940435,0.33185613489067806,0.3498991904686642,0.04495439203820046,0.07012305139903267,0.23800459457614737,0.3000301900101103,0.5169829732294886,0.9999999999999998,0.13690407318731213,0.17686708045642688,0.39700784897134567,0.08116896300027816,0.2439175603839071,0.34664970707710663,0.3681533933892911,0.23723338045125186,0.24382654097046633,0.26930481517448274,-0.0722026419348865,0.27495932488052083,0.34055618114918995,0.23331819967064676,-0.051691647315174796,0.24666842441273656
P71,-0.04609383093214553,0.22174654896286006,0.30804535975112646,0.25459371996324126,-0.0368339064340048,0.07091126220652723,0.2860005419840479,0.42650048779132316,0.35615014230810454,0.35239271762375296,0.09163019812755159,0.06968761366293037,0.08308750926919846,0.3338941320942911,-0.03371591757110495,-0.06740270680745453,0.15150443729362872,0.07125468502136836,0.29294455880367637,0.2139371920897789,0.3978457193880885,0.21022281580585936,0.2103976298114522,0.28161906036684436,0.17604492322933768,0.20429378649239227,0.12877336600959124,0.2236377302206877,0.07044919570533166,0.07010918047530272,0.13212181194348965,0.28418765475876545,0.3687198553244092,0.16905797110488954,0.20871674946356786,-0.13500046445168273,0.17865385691095287,0.42870490417168194,0.31609962615674997,0.04422569380271312,0.15729440866270628,0.06443412505462963,0.20310680576114448,0.2699900645983777,0.1574490209519189,-0.0017199861870863776,0.33604813644306347,0.1530940858533779,0.21690829305802767,0.33828218550370825,0.36990907067559853,0.19008964562272615,0.3077325897999478,0.31682829762006015,0.20904413587715864,0.18718992383105568,0.15874269553947676,0.22269621978890192,0.45199506808722734,-0.054625977268297904,0.31673360830621705,0.1373305240009761,0.08537499091366786,0.2513646975599309,-0.1754090445455659,0.06489130939714917,-0.018002919230792884,0.27026468890632716,0.22305771462577725,0.13690407318731213,1.0,0.068909390353125,0.4996425860585646,0.15610317377770835,-0.05581362336820655,0.17933101325063835,-0.13269065919454984,-0.07352097590325471,0.05209892902794768,0.1741067786096099,0.014396658154773213,0.2005761511762961,0.25158567156440514,0.090479083468002,-0.07028995978414293,0.23168552143566387
P72,0.06509616829764835,0.23103378780750394,0.19056034201955502,0.13423610368123862,0.1372023669090079,0.2340430202018785,0.20113086980915365,0.14470141662878078,0.16854032052206583,0.254212356826546,0.22445711795931336,0.09571575035628868,0.20761667756357471,-0.01396598885076021,0.15788628922338777,0.3506873814985131,0.21459803420192963,0.08544797533769817,0.022915893876890723,0.36548838144912954,0.16540690662535193,0.15658922836842457,0.1877401829540773,0.21710948736719982,0.38165005592145296,0.26937975378132495,0.13780648772202583,0.233822098173578,0.19466057579987964,0.08921940662603749,0.2433797545462057,0.21061471083040387,0.26561187886024806,0.20726807894842847,0.1938181795185048,-0.025860246240452554,0.23639139483235028,0.41080445136887156,0.11920756462756925,0.26866043583775157,0.37538775863223667,0.1099104000893689,0.12566728356903314,0.32104993241563806,0.05210242081183515,0.4368525700064228,0.0012054422245032512,0.10470402795465492,0.43034292216318404,0.21868336382498588,0.100736615118568,0.4540264859791491,-0.03964566758918332,0.14141481010805118,0.3005801323468452,0.06956184653664961,0.33518556846843606,0.2929862906514582,0.1251532454438044,0.12262505455770167,0.22932829665034712,0.29227223006547687,0.2384902418927369,0.383575051886578,0.19408489394432063,0.20249308292138057,0.10826499547078745,0.33559240065175167,0.13081128771655096,0.17686708045642688,0.068909390353125,0.9999999999999998,0.32136084411821303,0.1550128692626293,0.21700344247153203,0.28220339124941224,0.21451163538628681,0.266866664549985,0.08307713793997515,0.3311463871572456,0.08020050909141141,0.03757997196398806,0.25564600174476765,0.014150166357521131,0.026936909021057377,0.23368328141793854
P73,0.192608632813239,0.34356781646100515,0.47950155843677217,0.30859668166582455,0.2866971689360758,0.1417378331683113,0.5936056803620591,0.3713183106277446,0.48684067335325776,0.7613752369497849,0.33951244457300517,0.2080626695327861,0.28499710388253774,0.35711013721051654,0.31994183000972554,0.23614115894422288,0.19540691635736976,0.014421842294713648,0.37040890405929416,0.5175678557434367,0.12628459754072605,0.19717151422175022,0.19361893162962066,0.3187280237885649,0.5510989302324475,0.5380949323776374,0.3095076020345036,0.5250044082993328,0.2899986398077462,0.22567395066387785,0.3093664410031906,0.39288368977463795,0.3526447040279129,0.23237970989153697,0.5650819809277231,-0.07738660768730936,0.23333233197548758,0.5549195524083904,0.2576593079988197,0.1709677880708137,0.22990016614314412,0.15197254686246042,0.4894395523274024,0.5224614922324384,0.18913492053286324,0.3312272202397425,0.44839846792156285,0.42286084634360627,0.3523793264508929,0.6439761421274467,0.3729974240857735,0.3783737324520445,0.3486161493605064,0.23800424330187955,0.43397444399249285,0.31786423538242714,0.47987280743185945,0.4813603027305739,0.501364129370468,0.22815777852505975,0.4810742643032183,0.38079686563058646,0.3058987581269866,0.5306044350404356,-0.07707029298689556,0.22751232551461925,0.2864128541722727,0.48642965143229283,0.593557781291925,0.39700784897134567,0.4996425860585646,0.32136084411821303,1.0,0.04975425288390572,0.2091025185066384,0.3397666214694438,0.21865311122233638,0.08547140325669866,0.13391755727480142,0.18299482562816477,-0.1343647365294882,0.16023084980771193,0.19228138919500926,0.19829874614319712,-0.012258545660233048,0.05995911239926185
P74,0.17349799270679328,-0.10687508509060936,0.19122113836072477,0.20251057066523553,0.19488529145077113,0.17684329705196852,0.17475336045068027,-0.10240848466364941,0.07544088759865347,0.05940109987952282,0.09142420191796781,0.14978278409051088,0.19234229039298995,0.23808335177248505,-0.2854369315556493,0.20289091603592135,0.14714096556370101,0.2977469806457862,0.22001067208844877,0.007106685884651021,0.19651261273548035,0.37202139224447955,0.08647814152694955,0.1849482621230912,-0.08866878008917713,0.07474821430078867,-0.12785671735346812,0.10687538068454214,0.22506020444129154,0.19078120590786202,0.05155667600204717,0.20715168474752232,0.30230311268796134,0.21328704690716369,0.07094440505431694,-0.02433419836790625,-0.06091078096664868,0.2918556578929472,0.28112547964895496,0.09445853688568745,-0.05486589361791658,0.01671322939209982,0.15472763305152443,0.05228677791490557,-0.12088649416596946,0.1688886993532441,0.15911296748105955,0.11657435428271679,0.3749998503976264,0.37484287577629943,0.219263019541587,0.18238931089468552,-0.019614777895676328,0.10545403557854804,0.01865505004656357,0.017492505552520125,-0.1474330712128833,0.2059873248845667,0.11502395977259627,0.36788115691958884,0.15881801890032096,0.1734483201111296,0.22442719466130245,0.10140352388949504,0.0205979335534085,0.3103683752737832,0.1215717276861721,0.0910883512145864,0.06433767260385086,0.08116896300027816,0.15610317377770835,0.1550128692626293,0.04975425288390572,0.9999999999999998,0.06217228097391592,0.13347756112620035,0.029637243807939046,0.13000347502756843,-0.027667652354356503,0.017798421699162275,0.11629089928508893,0.06158850000587771,-0.008713699402198365,-0.2253076931746807,0.38408871530580024,0.24403824071699737
P75,0.5028574495165458,0.45145055264080197,0.45439677767533393,0.2560503402285663,0.19915471108869817,0.20181430011507165,0.055830095967957606,0.4816566975025504,0.018543837443190412,0.19673857572770845,0.20614677852815982,0.3214838474231945,0.2835207889521784,0.19353570186324567,0.2089432894267711,0.38436068251305294,0.2729587097262143,0.3101990612243945,0.20088338424062394,0.4213841937734395,-0.038871216874716064,0.22665726434899508,0.25098648598375045,0.27267346081186067,0.36491960062748974,0.33539761011177155,0.23066036163911782,0.22833126533846754,0.20808662636460398,0.41499602612423026,0.26277225334400045,0.26975724609932566,0.3460573850143205,0.4811324660847963,0.1425848384195658,0.35145616213271963,0.42973110394990305,0.18669079114459486,0.00983213476944538,0.19003749527187816,0.38311641443784344,0.29676307425068305,0.216115230468401,0.34514576084810655,0.18317082004710517,0.38753813811363874,0.16276194925161,0.354081665482022,0.24529411961220163,0.10587364175000019,0.03167377364932692,0.35139894330890975,0.18448268248582175,0.2258076173792408,0.07907416115548806,0.30203635040850957,0.32248241827383206,0.26373289679602485,0.2819037945119691,0.18505533190228507,0.29919884851969203,0.20902035905174893,0.2624492893302427,0.288009193689929,0.06424687070165896,0.06250305240348805,0.3512216527796834,0.360767204793763,0.2107775557254297,0.2439175603839071,-0.05581362336820655,0.21700344247153203,0.2091025185066384,0.06217228097391592,1.0,0.3544997974304365,0.4354588777712384,0.28776962934217387,0.2823212108457667,0.20607951895061202,-0.06693626385938377,0.06302876858597856,0.47601838248862066,0.2917959655364117,0.17972835800622075,0.35527381493573257
P76,0.28283936312168434,0.2827694006491119,0.3733502011177528,0.401321629131965,0.2946173632761338,0.39614176473689533,0.3096358349771902,0.4752078537767821,0.4143487945040715,0.37596153193929027,0.13279559248087508,0.29809602976314564,0.24317306522637458,0.2399038158987629,0.27635823931349446,0.41215396276764854,0.5794219042695055,0.41246462654444244,0.5114597449259053,0.36765928993974273,0.08904195557575807,0.4016133649436424,0.2095332800809379,0.44009966870829204,0.40580944167585803,0.47332970600505014,0.4658691266900452,0.5008470782400036,0.48122022594232794,0.21630146465801417,0.3991389894033471,0.5948284308023105,0.41238070230988216,0.1582806787235198,0.38585938673350473,0.3731433644007743,0.3649244157064535,0.4013059025393494,0.31333985384411195,0.1802865813136086,0.45303138066128046,0.1657846479938251,0.4585910220672091,0.473890157852107,0.24502435644518447,0.45703692795274037,0.1241735088344923,0.4951100574444293,0.15015501678260182,0.3309092429945973,0.4306821709345268,0.5211750071318485,0.45858072271837585,0.4103265884102766,0.44304139126208014,0.16694283475286018,0.41459814909799614,0.36873372410018806,0.34323685603528226,0.3431409850114089,0.34976454582965905,0.5253922898336936,0.5006292613571244,0.4355178241711387,0.20334235193157,0.1136991026161294,0.3379006959709352,0.5674382119749888,0.29904809480105693,0.34664970707710663,0.17933101325063835,0.28220339124941224,0.3397666214694438,0.13347756112620035,0.3544997974304365,1.0,0.3143751511714703,0.08432663736678403,0.5003339111156707,0.4143669744503751,0.08393512439828607,0.09303511224483683,0.32516987204351167,0.19866673671152382,0.2292028080565543,0.23703016790004922
P77,0.39274374501791454,0.3593305523753685,0.28889577279616857,0.38036941318846174,0.2353627730363078,0.024649487233609504,0.2851542610432631,0.3749870568347102,0.1904379020560977,0.19073095301860285,0.23558559091558984,0.3603681733576009,0.30722285903589075,0.14824590098212906,0.24225873611845863,0.26197607934845735,0.28940931008648985,0.2484947112712573,0.2596597450561476,0.3155963840506427,0.12937068910093308,0.07945853834807765,0.16026231261640866,0.3158421499023566,0.35489442769872365,0.16705207616184814,0.42106397212348057,0.3513411750894236,0.21456955188259347,0.2818189843478134,0.3866877036359042,0.25794077928614073,0.3056496558871092,0.3895756972634096,0.30930124282502863,0.03298810909854591,0.32806954376385883,0.03114432088269405,-0.08164508706625592,0.3289147980666209,0.27470204850013824,0.29246309033922124,0.24324196447024066,0.3638186383688797,0.09971118399421999,0.3945444302166145,0.12297216989196014,0.24965779625825987,0.16844674211862176,0.17790000010039378,0.02026646503630004,0.3606624414696915,0.2184502455672002,0.23122156014436115,0.32776158345453443,0.22286837877190122,0.3373803505844431,0.21755289793023205,0.3346519497034448,0.255074995907276,0.1800031367272145,0.2595299074838704,0.1621774722846164,0.3535428250361969,0.18874404456762733,0.22556331115212894,0.31421873566160746,0.2624743482247204,0.24217476010604183,0.3681533933892911,-0.13269065919454984,0.21451163538628681,0.21865311122233638,0.029637243807939046,0.4354588777712384,0.3143751511714703,0.9999999999999998,0.33015457864125736,0.3039953381697734,0.1611719345150016,-0.23641585157618933,-0.04495765508121899,0.28603605551412625,0.15160739536711965,0.07696900818883803,0.17265162378022944
P78,0.08251812181897347,0.2744123715177605,0.22706616839165714,0.11608324588564832,0.1944958481201606,-0.023972452144338206,0.04488176483783272,0.04565846398759322,0.029100972525839968,0.09190127698266817,0.14560157993109107,0.1797650156510841,0.4559456940832167,-0.04949914194143714,0.11576509174483693,0.25050654322023114,0.06898075121551304,0.01285159725290457,0.13273942682249312,0.3460176762979698,-0.17013528788112858,0.15460136682020573,-0.034460073675508275,-0.04658271724503798,0.05743289823042677,0.11598708690277673,0.12435350893413609,0.014694581538310854,0.031860318257233095,0.13575069149302915,0.11112567518321005,-0.038526878949708805,0.13846600924407865,0.30675675099267835,0.056649140572657776,0.17636323796369524,0.1069050267172576,-0.024331810052367557,-0.07935454745575875,0.02495044069262523,0.22412663656272916,0.0751920712105586,0.2243504735809865,0.09348531105941521,0.06292574118337206,0.3055390641705626,0.11362672949659201,0.1346610817732544,0.0877356268099495,-0.052239720316914845,-0.012046489669403785,0.1697191651611518,-0.029645143387299285,0.04711810890535803,0.0520709726580246,0.059943250819653376,0.18063726765887791,0.0822048676552649,0.01981481125278288,0.24525885893380076,0.11688422647915425,0.1709548623482044,0.031117036729374447,0.32292089745987224,0.022136525460807892,0.20958414699914255,0.11782326476871584,0.013956084739497282,0.04324119264019108,0.23723338045125186,-0.07352097590325471,0.266866664549985,0.08547140325669866,0.13000347502756843,0.28776962934217387,0.08432663736678403,0.33015457864125736,0.9999999999999999,0.08151361799712856,0.16951878934061806,0.08410569989383859,0.1433524964470072,0.17320205891772322,0.10410654754398248,0.15675961938598948,0.19691121011469997
P79,0.28566601646601597,0.14495521626451582,0.2437378813734,0.3578235773792396,0.2384705085911866,0.23695467526267971,0.3417812883060236,0.387182890351039,0.12691438335674798,0.273338258392827,-0.040130214047329006,0.401977166641685,0.3700588656817431,0.35164146453524836,0.16410864136911696,0.34902901930566044,0.4371664582234703,0.37526388325161386,0.2960432383792208,0.25292435684195497,0.07817523697530594,0.16751145862456943,0.26237122632775894,0.4082297293442186,0.308308342598106,0.29520548091002574,0.5529378176214474,0.4674693295267224,0.278444541163231,0.23325093168884503,0.35875448934256376,0.401553675420029,0.3992582791548376,0.10104018995274285,0.2760557555884881,0.3052700678738406,0.3803120390641476,0.30129924621506654,0.29626766575811553,0.13533624743080191,0.22427214705083914,0.20477307581353135,0.38414272969744717,0.3390112115111079,0.2520435741500031,0.3520628487582371,0.08022189198182561,0.38139217515651563,-0.04170583924696482,-0.012989754672545074,0.24262550886784626,0.5318804683277067,0.36807207142370163,0.49215273481573896,0.2220383328818476,0.20508298152403662,0.20883335193849747,0.0647309364051717,0.19011598530754834,0.4490595577468165,0.0617210363694506,0.28574272408590967,0.4871166829202176,0.39098535742612045,0.09836722210628199,0.3669016044857093,0.33661232696554505,0.2664132221787383,0.16357500159277724,0.24382654097046633,0.05209892902794768,0.08307713793997515,0.13391755727480142,-0.027667652354356503,0.2823212108457667,0.5003339111156707,0.3039953381697734,0.08151361799712856,0.9999999999999998,0.45132251891585484,0.05722496340005584,0.0610831193987185,0.3224845446294145,0.07094023743960176,0.22094155610609661,0.2911534095353648
P80,0.07829020015858203,0.3630926273133491,0.19709878419895313,0.15414683720715083,0.36615915937434057,0.2664781355248432,0.29628995462081004,0.45348763664276825,0.21183374543000444,0.30262199311829696,0.1938826118926855,0.21977909097550316,0.40933355311508907,0.28174239524166883,0.14081984487038668,0.39676028745251163,0.5278509934820553,0.3541301314173851,0.31020999357864515,0.3045491908706635,0.16105244027585144,0.17047411045478822,0.14778488071277537,0.36204342343808527,0.43107115767071663,0.19763289067037004,0.27778196908153124,0.39396942356001835,0.2597633471607774,0.16905534677819437,0.31399586749938985,0.4738795615104271,0.5652622760493039,0.2564733628668839,0.34372658968902314,0.3395978211617746,0.2736470687033374,0.4693063930648453,0.37107225161776797,0.4331167793419178,0.512877972401075,0.19686221806069198,0.29669452546875685,0.35150158205841925,0.34805962398823925,0.3374365976552171,0.17282308205368777,0.21591245705866108,0.31082109385568985,0.12299317565125287,0.42480383646249475,0.3686190110394828,0.37182318320635915,0.4059235397170794,0.29432976588698984,0.26262832870607195,0.2822585998924711,0.26383242274499313,0.4408447796268793,0.24187452201191975,0.2055124806805737,0.3500102822274535,0.49438304929251425,0.29541817158288997,0.14695808419291956,0.3643245453348899,0.26444479185796305,0.49555059014432723,0.2331651536669938,0.26930481517448274,0.1741067786096099,0.3311463871572456,0.18299482562816477,0.017798421699162275,0.20607951895061202,0.4143669744503751,0.1611719345150016,0.16951878934061806,0.45132251891585484,1.0,-0.01489643132899336,0.29720861903599033,0.348416189707015,-0.09469696540947974,-0.06050357198702933,0.32984824701112586
P81,-0.08907651572515868,-0.14652876515061874,-0.11693654553357057,0.033859412436864786,0.1415369948945192,0.18764423306241276,-0.2587235132445754,-0.12249092063345525,0.008080371257606843,-0.07161009584131121,-0.06444433691142104,-0.0051699664270317604,-0.1428551172552008,0.06082474794759031,-0.16556746599866726,0.019983811152916975,0.03439234664996422,0.27093609814877306,0.03747352863145167,0.01772210533841453,-0.09152557772567613,0.19710784575115614,0.06031129926524385,-0.004929922653186024,-0.040793302348562356,-0.07440285399187056,-0.07857602271603079,-0.008477292090722456,0.0802768721575968,-0.12923159302402273,-0.025932440941268158,0.0728220382417348,-0.05630869128299538,-0.14943141318493028,-0.09669197004254589,0.06845104012169943,0.030603963142037328,-0.04217287095791745,0.10841354946828391,-0.11440128235123935,0.09155280714880282,-0.006655968502276209,0.025998400066624794,-0.057235529440011604,-0.06742187188458278,-0.24669215480823445,-0.11846896435838339,-0.05437899179148248,0.0028542014257798907,0.07036684886926978,-0.07128046281772897,-0.05562336298344053,-0.00015033869436149828,0.13988139952628142,0.045936472201214135,-0.026846469315957175,-0.14621591501097125,0.07646539652115189,-0.0935595181592804,0.047152007243773816,-0.07300688825953,0.14857003017317041,0.08025012697494031,0.011448574263993334,0.06680953966032435,0.049632603235589275,0.016454447199964767,-0.0974377515566077,-0.11892050040419219,-0.0722026419348865,0.014396658154773213,0.08020050909141141,-0.1343647365294882,0.11629089928508893,-0.06693626385938377,0.08393512439828607,-0.23641585157618933,0.08410569989383859,0.05722496340005584,-0.01489643132899336,1.0,0.0428567213663777,-0.10128139328174376,0.023898412850361237,0.41127849913059106,0.16090699817149925
P82,-0.13832114154194244,0.12315750960089275,0.13770696337802793,-0.026542040941603163,0.09671792215253479,0.002886616563853146,0.1314380772195879,0.07867395257417174,0.14553027193382542,0.03916134879524337,-0.03534234449444818,0.05842854642756857,0.09919388646372533,0.10145151933318626,0.2615007272185663,-0.04593237509953801,0.0692433699577659,0.001335602896536136,0.04502378167505308,0.014457191085714473,0.12114495244013394,0.06369665824032444,0.001679187682228918,0.05020060830283898,0.22400035151457998,0.1870811469818711,0.31672700243754726,0.08961195193797461,0.07666395733865668,0.19370108442851858,-0.01443958071957275,0.08035967974269068,0.15578532760116073,0.149302818454226,0.1130977883842414,-0.07737481736836677,0.22098364139403007,0.1484622899311962,0.1581698631234232,0.3120246288346844,0.18836218035771354,0.09006488032643552,0.31766863512008064,0.05498651834697813,-0.20245536931310934,0.1225094671065362,0.1454100013633778,0.0626088098290802,0.03152351667358032,0.1327783071629928,0.19557531659232197,0.1712087579148969,-0.07464816130534921,0.015232731773859524,-0.0373942577640891,0.27271190416047614,0.04958530100553895,-0.07826381256613824,0.11154855130142435,0.07048804911096831,0.16201715836573535,0.0968179236246639,0.01509930650143842,0.06812062810507104,-0.07169950098100371,0.09281397597838101,0.04831651667296629,-0.04641879829543642,0.06680185994019489,0.27495932488052083,0.2005761511762961,0.03757997196398806,0.16023084980771193,0.06158850000587771,0.06302876858597856,0.09303511224483683,-0.04495765508121899,0.1433524964470072,0.0610831193987185,0.29720861903599033,0.0428567213663777,1.0,-0.004914428987602132,0.12896955050880798,0.09170098188103203,-0.027748847478890906
P83,0.507826740939952,0.504152915214848,0.4427896651988084,0.27045323378452096,0.16490769651180423,0.22939225779849762,0.1179522797283223,0.6458855290131836,0.1542729981207615,0.2061561384819133,0.10539302334890478,0.5319676509701627,0.3576594973967249,0.17173451394574168,0.15225663197733882,0.4519194757081148,0.4480768998618985,0.326269153254566,0.2940654187979854,0.40757381871936765,0.19524679839455925,0.4109271300071225,0.3651020119430922,0.24685049831690908,0.27474867726075836,0.294572813417708,0.1604302257708227,0.17272610267763136,0.3374860738898645,0.3427517783280235,0.2886636301265228,0.4360724904334151,0.4189969607153522,0.40502944572971605,0.1319030675247296,0.23069586870029488,0.35180729832367963,0.21813536848126727,0.12935250129675968,0.26585890997904565,0.33097228737339546,0.2564031899897864,0.26456024519440496,0.47777959974840545,0.3018561049258864,0.45391546107696873,0.3670686028097772,0.20051471406745386,0.3117512728607126,0.11704822637541089,0.10900616061526769,0.5095875340620213,0.2035845079248382,0.4186038120648198,0.19343947328964248,0.066831143548906,0.4656295989787202,0.32406585372342017,0.3623086097842116,0.10950671406554845,0.34618549240268165,0.13527689338748622,0.35557395760495836,0.4158035870326186,0.1587575934747949,-0.00011812713075127321,0.20546850090854496,0.31481980639679624,0.3303565934076939,0.34055618114918995,0.25158567156440514,0.25564600174476765,0.19228138919500926,-0.008713699402198365,0.47601838248862066,0.32516987204351167,0.28603605551412625,0.17320205891772322,0.3224845446294145,0.348416189707015,-0.10128139328174376,-0.004914428987602132,1.0,0.22939164042083915,0.11590589245354956,0.5183524049118479
P84,0.16322329564929117,0.37418852764025534,0.1406912973100131,0.16100974293961512,0.06571205177437023,0.06339687687779155,0.06520885741033947,0.15279717030319476,-0.12527396768164137,0.18998947243334854,0.13867532874361238,0.2012356887689909,-0.016639220611081806,-0.17350957222236565,0.18413035770397346,-0.03705968729773266,-0.10541871063704959,0.07866708890839755,-0.11891061512562001,0.2287658083347175,0.16305445922425155,0.030579140166091416,0.021942042132444706,-0.07386852993681224,0.1872432002320008,0.36602911461298443,0.0866066029676658,0.043803749757218284,0.15532274591315826,0.11763307816362077,0.3248061816245872,0.06307491459518412,-0.04666704754380205,0.12163078662645217,0.20345328848023006,0.06632007417465306,0.25925957155731405,-0.048246023685930145,0.11120191924065767,0.04135955814829737,0.04722669164116823,0.335497482842138,0.03507988970025556,0.17432712441370798,0.15972862293526013,0.18045858653440297,0.023404467221124242,0.20374512183784005,0.06443643240110329,0.16625372850581357,-0.08665050916307579,0.14544989826751425,0.16449619959378176,-0.12207627882428071,0.21356313599183596,-0.08660434893480272,0.2923668960445172,0.0006668282027366384,-0.03746515469069859,-0.06346744560112699,0.077539895133563,0.22942030669256336,-0.02243291549134947,0.10646509516460374,0.19177832087020277,-0.06443305844420859,0.042275168773350774,0.004419918104626538,-0.005920162167303161,0.23331819967064676,0.090479083468002,0.014150166357521131,0.19829874614319712,-0.2253076931746807,0.2917959655364117,0.19866673671152382,0.15160739536711965,0.10410654754398248,0.07094023743960176,-0.09469696540947974,0.023898412850361237,0.12896955050880798,0.22939164042083915,1.0,0.13465935871881535,-0.011219467978091084
P85,0.1725605785355737,-0.14888113987426538,0.16080099516146382,0.20490789027604625,0.039089574478595096,0.2620802816211387,0.06022224414335828,-0.04932798642893079,0.003972554972614494,0.08964482972974457,-0.18692022528664654,0.2984712116298806,0.16842185290635908,0.1439455842034,0.047960763905353906,0.20420671375513674,0.1837054091850277,0.33413103580578674,0.19673453024124438,0.09449000010258778,0.07407833344965406,0.35232477435909904,0.10666838114533513,-0.0067276767141362034,0.023910311919714516,0.10521825583552688,-0.027430157784355536,0.07880480268004822,0.1114798072623677,-0.07049969039259624,0.13092713195789996,0.10093084778687914,0.05506438624156096,0.06805564531718095,0.004412184796733739,0.17722908066137813,0.07401888189189285,0.11978304519908224,0.1402465163653384,-0.11227196834203747,0.059047889140976424,0.08328455559931569,0.21047607778419916,0.13101391149611546,-0.05617121195276925,0.06786265203181553,-0.16941961994125188,0.02152075174501026,0.06602319789869598,0.1528421082057867,0.1793800529965261,0.164140155939154,0.033184356971898844,0.1666425659829003,0.009149163212574774,-0.0785025751123439,-0.04783832334890499,0.1175913433388893,-0.008134344979115813,0.340750474023928,-0.03408163506045416,0.059271961174729756,0.1492486544508281,0.17319418375449971,0.05081000812034092,0.138902212451729,0.17673191576631822,0.0493994696061593,-0.020509301749667065,-0.051691647315174796,-0.07028995978414293,0.026936909021057377,-0.012258545660233048,0.38408871530580024,0.17972835800622075,0.2292028080565543,0.07696900818883803,0.15675961938598948,0.22094155610609661,-0.06050357198702933,0.41127849913059106,0.09170098188103203,0.11590589245354956,0.13465935871881535,1.0,0.1999809888322423
P86,0.3648240001532686,0.252009268470222,0.28944100271951123,0.1610887435422811,0.041627144475296717,0.27046736409123023,0.0244909017034361,0.3385425674288498,0.149624813943826,0.2227470509072006,0.1763402061379201,0.4262226420622726,0.34000214132982076,0.2519035944265899,-0.06388061647399547,0.29600427531501294,0.47477082126490766,0.34642059764133937,0.20716515598697802,0.2670588600127215,0.1419840577034769,0.3108291735819998,0.15405434447206848,0.3379121010807498,0.10156709676186046,0.10755773601524707,0.12282798852087992,0.16895795681294562,-0.010653638413160369,0.08184328084111786,0.2444129696598963,0.27890244216972254,0.32861788555113375,0.3483637940983145,0.014322150764154929,0.21922333346828504,0.4574870054444532,0.2552002778954164,0.24030609246918336,0.13085482764426892,0.39883343583920644,0.014272552572276501,0.09049097930044157,0.2632358085098468,0.2172209407208878,0.25824699582573835,0.20404939387245657,-0.0019958723702729895,0.40103704949954927,0.16605155151893855,0.15853694660064802,0.3224110166826583,0.25597917632495093,0.3933011874190525,0.21159840141367778,0.031866166160656996,0.1161174580468055,0.266201773680927,0.3696258606425866,0.022637322844878405,0.1504457954893086,0.030421489271956165,0.31841042209467435,0.21923061886046108,0.14684155272010124,0.10220756115506338,0.2371912018676015,0.30630041610950715,0.1536305999444575,0.24666842441273656,0.23168552143566387,0.23368328141793854,0.05995911239926185,0.24403824071699737,0.35527381493573257,0.23703016790004922,0.17265162378022944,0.19691121011469997,0.2911534095353648,0.32984824701112586,0.16090699817149925,-0.027748847478890906,0.5183524049118479,-0.011219467978091084,0.1999809888322423,1.0
